Study Number,Sample ID,Product Type,Base Ingredient,Process Type,Sample Age (Weeks),Difference From Fresh,Storage Conditions,Packaging Stabilizer Added,Transparent Window in Package,Processing Agent Stability Index,Preservative Added,Moisture (%),Residual Oxygen (%),Hexanal (ppm),Prediction
1310186,1310186-1,D,nan,C,0.0,0.0,nan,nan,nan,16.2,nan,,,,18
1310186,1310186-1,D,nan,C,10.0,0.0,nan,nan,nan,16.2,nan,1.56,2.87,0.1,18
1310186,1310186-1,D,nan,C,14.0,0.0,nan,nan,nan,16.2,nan,1.64,2.95,0.1,18
1310186,1310186-1,D,nan,C,16.0,3.3,nan,nan,nan,16.0,nan,1.6,7.13,0.09,18
1310186,1310186-1,D,nan,C,18.0,2.7,nan,nan,nan,16.0,nan,1.7,12.73,0.47,18
1310746,1310746-1,E,C,C,0.0,0.0,nan,nan,nan,16.0,nan,,,,14
1310746,1310746-1,E,C,C,5.0,34.0,nan,nan,nan,16.0,nan,2.34,12.36,0.05,14
1310746,1310746-1,E,C,C,11.0,22.0,nan,nan,nan,16.0,nan,2.13,16.48,2.0,14
1310746,1310746-1,E,C,C,13.0,44.0,nan,nan,nan,16.0,nan,2.31,16.85,2.0,14
1310746,1310746-1,E,C,C,15.0,50.0,nan,nan,nan,16.0,nan,,,,14
1310746,1310746-2,E,C,C,0.0,0.0,nan,nan,nan,16.0,nan,,,,14
1310746,1310746-2,E,C,C,5.0,35.0,nan,nan,nan,16.0,nan,1.5,12.05,0.95,14
1310746,1310746-2,E,C,C,11.0,45.0,nan,nan,nan,16.0,nan,2.13,13.15,1.53,14
1310746,1310746-2,E,C,C,13.0,38.0,nan,nan,nan,16.0,nan,2.19,13.21,1.8,14
1310746,1310746-2,E,C,C,15.0,16.0,nan,nan,nan,16.0,nan,,,,14
1310746,1310746-3,E,C,C,0.0,0.0,nan,nan,nan,16.0,nan,,,,14
1310746,1310746-3,E,C,C,5.0,25.0,nan,nan,nan,16.0,nan,1.28,2.67,0.05,14
1310746,1310746-3,E,C,C,11.0,12.0,nan,nan,nan,16.0,nan,1.43,9.26,0.34,14
1310746,1310746-3,E,C,C,13.0,6.0,nan,nan,nan,16.0,nan,1.41,5.55,0.07,14
1310746,1310746-3,E,C,C,15.0,21.0,nan,nan,nan,16.0,nan,,,,14
1310746,1310746-4,E,C,C,0.0,0.0,nan,nan,nan,16.0,nan,,,,14
1310746,1310746-4,E,C,C,5.0,33.0,nan,nan,nan,16.0,nan,1.66,13.94,1.74,14
1310746,1310746-4,E,C,C,11.0,44.0,nan,nan,nan,16.0,nan,2.33,17.02,1.85,14
1310746,1310746-4,E,C,C,13.0,23.0,nan,nan,nan,16.0,nan,2.11,17.5,2.0,14
1310746,1310746-4,E,C,C,15.0,37.0,nan,nan,nan,16.0,nan,,,,14
1310746,1310746-5,E,C,C,0.0,0.0,nan,nan,nan,16.0,nan,,,,14
1310746,1310746-5,E,C,C,5.0,17.0,nan,nan,nan,16.0,nan,1.68,16.71,1.29,14
1310746,1310746-5,E,C,C,11.0,37.0,nan,nan,nan,16.0,nan,2.22,16.01,1.47,14
1310746,1310746-5,E,C,C,13.0,18.0,nan,nan,nan,16.0,nan,1.94,14.67,1.73,14
1310746,1310746-5,E,C,C,15.0,25.0,nan,nan,nan,16.0,nan,,,,14
1310746,1310746-6,E,C,C,0.0,0.0,nan,nan,nan,16.0,nan,,,,14
1310746,1310746-6,E,C,C,5.0,0.0,nan,nan,nan,16.0,nan,1.44,8.81,1.25,14
1310746,1310746-6,E,C,C,11.0,9.0,nan,nan,nan,16.0,nan,1.94,9.12,0.26,14
1310746,1310746-6,E,C,C,13.0,27.0,nan,nan,nan,16.0,nan,1.37,7.98,0.37,14
1310746,1310746-6,E,C,C,15.0,31.0,nan,nan,nan,16.0,nan,,,,14
1310881,1310881-1,H,A,C,0.0,0.0,nan,nan,nan,16.2,nan,1.32,8.58,,21
1310881,1310881-1,H,A,C,5.0,7.0,nan,nan,nan,16.2,nan,1.43,6.38,,21
1310881,1310881-1,H,A,C,7.0,5.0,nan,nan,nan,16.2,nan,1.39,7.05,,21
1310881,1310881-1,H,A,C,9.0,16.0,nan,nan,nan,16.2,nan,1.36,7.65,,21
1310881,1310881-1,H,A,C,11.0,0.0,nan,nan,nan,16.2,nan,1.4,11.36,,21
1310881,1310881-1,H,A,C,13.0,0.0,nan,nan,nan,16.2,nan,1.54,9.84,,21
1310881,1310881-1,H,A,C,15.0,7.0,nan,nan,nan,16.2,nan,1.52,12.28,,21
1310881,1310881-1,H,A,C,17.0,18.0,nan,nan,nan,16.2,nan,1.47,10.66,,21
1310881,1310881-1,H,A,C,19.0,0.0,nan,nan,nan,16.2,nan,1.45,10.02,,21
1310881,1310881-1,H,A,C,22.0,0.0,nan,nan,nan,16.2,nan,1.56,8.14,,21
1310881,1310881-1,H,A,C,24.0,5.0,nan,nan,nan,16.2,nan,1.62,16.68,,21
1310881,1310881-1,H,A,C,26.0,0.0,nan,nan,nan,16.2,nan,1.51,12.76,,21
1310881,1310881-1,H,A,C,31.0,20.0,nan,nan,nan,16.2,nan,,,,21
1310893,1310893-1,H,A,C,0.0,0.0,nan,nan,nan,16.0,nan,1.17,3.81,,21
1310893,1310893-1,H,A,C,7.0,0.0,nan,nan,nan,16.0,nan,1.48,5.6,,21
1310893,1310893-1,H,A,C,9.0,0.0,nan,nan,nan,16.0,nan,1.65,6.77,,21
1310893,1310893-1,H,A,C,11.0,13.0,nan,nan,nan,16.0,nan,1.78,8.85,,21
1310893,1310893-1,H,A,C,13.0,0.0,nan,nan,nan,16.0,nan,1.92,12.35,,21
1310893,1310893-1,H,A,C,15.0,0.0,nan,nan,nan,16.0,nan,1.29,9.9,,21
1310893,1310893-1,H,A,C,17.0,0.0,nan,nan,nan,16.0,nan,2.27,10.88,,21
1310893,1310893-1,H,A,C,19.0,4.0,nan,nan,nan,16.0,nan,2.37,14.3,,21
1310893,1310893-1,H,A,C,22.0,9.0,nan,nan,nan,16.0,nan,2.46,12.73,,21
1310893,1310893-1,H,A,C,24.0,8.0,nan,nan,nan,16.0,nan,2.78,20.36,,21
1310893,1310893-1,H,A,C,26.0,9.0,nan,nan,nan,16.0,nan,2.79,12.91,,21
1310893,1310893-1,H,A,C,31.0,22.0,nan,nan,nan,16.0,nan,3.41,20.28,,21
1310893,1310893-2,H,A,C,0.0,0.0,nan,nan,nan,16.0,nan,1.22,6.33,,21
1310893,1310893-2,H,A,C,7.0,3.0,nan,nan,nan,16.0,nan,1.24,8.64,,21
1310893,1310893-2,H,A,C,9.0,0.0,nan,nan,nan,16.0,nan,1.2,4.56,,21
1310893,1310893-2,H,A,C,11.0,0.0,nan,nan,nan,16.0,nan,1.23,2.89,,21
1310893,1310893-2,H,A,C,13.0,0.0,nan,nan,nan,16.0,nan,1.23,3.4,,21
1310893,1310893-2,H,A,C,15.0,0.0,nan,nan,nan,16.0,nan,2.04,5.35,,21
1310893,1310893-2,H,A,C,17.0,0.0,nan,nan,nan,16.0,nan,1.33,3.35,,21
1310893,1310893-2,H,A,C,19.0,4.0,nan,nan,nan,16.0,nan,1.29,4.09,,21
1310893,1310893-2,H,A,C,22.0,15.0,nan,nan,nan,16.0,nan,1.31,3.99,,21
1310893,1310893-2,H,A,C,24.0,17.0,nan,nan,nan,16.0,nan,1.74,13.04,,21
1310893,1310893-2,H,A,C,26.0,14.0,nan,nan,nan,16.0,nan,1.4,6.63,,21
1310893,1310893-2,H,A,C,31.0,14.0,nan,nan,nan,16.0,nan,1.47,6.24,,21
1310957,1310957-1,E,C,C,0.0,0.0,Warm Climate,Y,N,8.5,N,,,,14
1310957,1310957-1,E,C,C,5.0,5.0,Warm Climate,Y,N,8.5,N,2.19,4.78,0.64,14
1310957,1310957-1,E,C,C,9.0,2.0,Warm Climate,Y,N,8.5,N,2.2,5.44,0.23,14
1310957,1310957-1,E,C,C,10.0,4.0,Warm Climate,Y,N,8.5,N,2.1,4.81,0.12,14
1411014,1411014-1,C,A,B,0.0,0.0,nan,nan,nan,16.0,nan,,,,21
1411014,1411014-1,C,A,B,14.0,34.0,nan,nan,nan,16.0,nan,,,,21
1411014,1411014-1,C,A,B,16.0,23.0,nan,nan,nan,16.0,nan,,,,21
1411032,1411032-1,H,A,C,0.0,0.0,nan,nan,nan,16.0,nan,,,,21
1411032,1411032-1,H,A,C,12.0,9.0,nan,nan,nan,16.0,nan,1.41,15.79,0.6,21
1411032,1411032-1,H,A,C,16.0,20.0,nan,nan,nan,16.0,nan,1.51,17.48,0.92,21
1411084,1411084-1,E,C,C,0.0,0.0,Warm Climate,Y,N,8.5,N,,,,14
1411084,1411084-1,E,C,C,12.0,10.0,Warm Climate,Y,N,8.5,N,2.07,9.65,0.37,14
1411084,1411084-1,E,C,C,14.0,0.0,Warm Climate,Y,N,8.5,N,2.0,5.46,,14
1411084,1411084-2,E,C,C,0.0,0.0,Warm Climate,Y,N,18.0,N,,,,14
1411084,1411084-2,E,C,C,12.0,5.0,Warm Climate,Y,N,18.0,N,2.39,10.53,0.54,14
1411084,1411084-2,E,C,C,14.0,23.0,Warm Climate,Y,N,18.0,N,2.06,8.16,0.79,14
1411145,1411145-1,F,B,C,0.0,0.0,nan,Y,nan,16.0,nan,1.81,6.32,,14
1411145,1411145-1,F,B,C,2.0,9.0,nan,Y,nan,16.0,nan,1.71,9.04,,14
1411145,1411145-1,F,B,C,4.0,0.0,nan,Y,nan,16.0,nan,1.73,4.64,,14
1411145,1411145-1,F,B,C,6.0,0.0,nan,Y,nan,16.0,nan,1.86,4.48,,14
1411145,1411145-1,F,B,C,8.0,12.0,nan,Y,nan,16.0,nan,1.9,5.28,,14
1411145,1411145-1,F,B,C,10.0,16.0,nan,Y,nan,16.0,nan,1.87,6.91,,14
1411145,1411145-1,F,B,C,11.0,0.0,nan,Y,nan,16.0,nan,1.76,7.29,,14
1411145,1411145-1,F,B,C,12.0,0.0,nan,Y,nan,16.0,nan,1.74,10.57,,14
1411145,1411145-1,F,B,C,14.0,0.0,nan,Y,nan,16.0,nan,1.68,7.32,,14
1411145,1411145-1,F,B,C,16.0,7.0,nan,Y,nan,16.0,nan,1.84,7.53,,14
1411145,1411145-1,F,B,C,18.0,11.0,nan,Y,nan,16.0,nan,1.78,7.21,,14
1411145,1411145-1,F,B,C,20.0,5.0,nan,Y,nan,16.0,nan,,,,14
1411193,1411193-1,F,B,C,0.0,0.0,nan,Y,nan,16.0,nan,2.24,4.27,,14
1411193,1411193-1,F,B,C,2.0,28.0,nan,Y,nan,16.0,nan,2.36,5.21,,14
1411193,1411193-1,F,B,C,4.0,0.0,nan,Y,nan,16.0,nan,2.33,10.99,,14
1411193,1411193-1,F,B,C,6.0,15.0,nan,Y,nan,16.0,nan,2.36,8.84,,14
1411193,1411193-1,F,B,C,8.0,15.0,nan,Y,nan,16.0,nan,2.63,4.77,,14
1411193,1411193-1,F,B,C,10.0,4.0,nan,Y,nan,16.0,nan,2.67,5.87,,14
1411193,1411193-1,F,B,C,16.0,0.0,nan,Y,nan,16.0,nan,2.64,5.47,,14
1411193,1411193-1,F,B,C,18.0,0.0,nan,Y,nan,16.0,nan,2.5,5.9,,14
1411193,1411193-1,F,B,C,20.0,4.0,nan,Y,nan,16.0,nan,,,,14
1411193,1411193-2,F,B,C,0.0,0.0,nan,Y,nan,16.0,nan,,,,14
1411193,1411193-2,F,B,C,11.0,0.0,nan,Y,nan,16.0,nan,2.44,6.89,,14
1411193,1411193-2,F,B,C,12.0,0.0,nan,Y,nan,16.0,nan,2.45,5.9,,14
1411193,1411193-2,F,B,C,14.0,10.0,nan,Y,nan,16.0,nan,2.5,6.27,,14
1411253,1411253-1,H,A,C,0.0,0.0,Warm Climate,nan,nan,16.2,nan,,,,21
1411253,1411253-1,H,A,C,12.0,5.0,Warm Climate,nan,nan,16.2,nan,1.43,13.19,,21
1411253,1411253-1,H,A,C,18.0,20.0,Warm Climate,nan,nan,16.2,nan,1.69,12.45,,21
1411465,1411465-1,E,C,C,0.0,0.0,nan,nan,nan,16.0,nan,1.57,3.9,,14
1411465,1411465-1,E,C,C,6.0,7.0,nan,nan,nan,16.0,nan,1.66,3.03,0.1,14
1411465,1411465-1,E,C,C,14.0,16.0,nan,nan,nan,16.0,nan,1.64,5.79,0.17,14
1411465,1411465-1,E,C,C,16.0,16.0,nan,nan,nan,16.0,nan,1.61,7.12,0.22,14
1411647,1411647-1,B,nan,A,0.0,0.0,nan,nan,nan,16.0,nan,2.13,,0.34,20
1411647,1411647-1,B,nan,A,4.0,0.0,nan,nan,nan,16.0,nan,2.1,,0.4,20
1411647,1411647-1,B,nan,A,12.0,3.0,nan,nan,nan,16.0,nan,2.1,,0.52,20
1411647,1411647-1,B,nan,A,16.0,2.0,nan,nan,nan,16.0,nan,2.11,,0.58,20
1411647,1411647-1,B,nan,A,20.0,0.0,nan,nan,nan,16.0,nan,2.15,,0.6,20
1411647,1411647-1,B,nan,A,24.0,0.0,nan,nan,nan,16.0,nan,2.23,,0.62,20
1411647,1411647-1,B,nan,A,26.0,0.0,nan,nan,nan,16.0,nan,2.27,,0.67,20
1411647,1411647-1,B,nan,A,30.0,0.0,nan,nan,nan,16.0,nan,2.3,,0.68,20
1411697,1411697-1,A,D,A,0.0,0.0,Warm Climate,N,N,16.0,N,,,,33
1411697,1411697-1,A,D,A,2.0,0.0,Warm Climate,N,N,16.0,N,1.5,20.07,,33
1411697,1411697-1,A,D,A,10.0,2.0,Warm Climate,N,N,16.0,N,1.72,20.04,,33
1411697,1411697-1,A,D,A,14.0,6.0,Warm Climate,N,N,16.0,N,1.81,20.97,,33
1411697,1411697-1,A,D,A,18.0,2.0,Warm Climate,N,N,16.0,N,1.93,20.8,,33
1411697,1411697-1,A,D,A,20.0,0.0,Warm Climate,N,N,16.0,N,2.46,20.73,,33
1411697,1411697-1,A,D,A,22.0,5.0,Warm Climate,N,N,16.0,N,1.97,20.71,,33
1411697,1411697-1,A,D,A,24.0,4.0,Warm Climate,N,N,16.0,N,2.11,20.68,,33
1411697,1411697-1,A,D,A,26.0,13.0,Warm Climate,N,N,16.0,N,2.24,20.66,,33
1411761,1411761-1,G,nan,A,0.0,0.0,nan,nan,nan,16.0,nan,1.53,17.4,,14
1411761,1411761-1,G,nan,A,6.0,0.0,nan,nan,nan,16.0,nan,1.6,20.89,,14
1411761,1411761-1,G,nan,A,8.0,0.0,nan,nan,nan,16.0,nan,1.68,20.91,,14
1411761,1411761-1,G,nan,A,13.0,0.0,nan,nan,nan,16.0,nan,1.68,20.49,,14
1411761,1411761-1,G,nan,A,16.0,11.0,nan,nan,nan,16.0,nan,1.61,19.52,,14
1411761,1411761-1,G,nan,A,18.0,11.0,nan,nan,nan,16.0,nan,1.78,20.77,,14
1411761,1411761-1,G,nan,A,20.0,5.0,nan,nan,nan,16.0,nan,3.48,20.86,,14
1411761,1411761-1,G,nan,A,22.0,19.0,nan,nan,nan,16.0,nan,3.33,20.91,,14
1411761,1411761-1,G,nan,A,24.0,23.0,nan,nan,nan,16.0,nan,3.66,20.85,,14
1411761,1411761-1,G,nan,A,26.0,15.0,nan,nan,nan,16.0,nan,2.25,20.63,,14
1411761,1411761-1,G,nan,A,28.0,19.0,nan,nan,nan,16.0,nan,2.24,20.74,,14
1411878,1411878-1,G,nan,A,0.0,0.0,nan,nan,nan,16.0,nan,1.07,10.36,,14
1411878,1411878-1,G,nan,A,6.0,20.0,nan,nan,nan,16.0,nan,1.07,7.37,,14
1411878,1411878-1,G,nan,A,8.0,28.0,nan,nan,nan,16.0,nan,1.25,9.57,,14
1411878,1411878-1,G,nan,A,13.0,24.0,nan,nan,nan,16.0,nan,1.32,9.04,,14
1411909,1411909-1,D,nan,C,0.0,0.0,nan,N,nan,8.5,nan,0.73,16.0,,18
1411909,1411909-1,D,nan,C,20.0,6.0,nan,N,nan,8.5,nan,0.79,16.24,0.44,18
1411909,1411909-1,D,nan,C,22.0,3.0,nan,N,nan,8.5,nan,0.86,15.6,0.58,18
1411909,1411909-1,D,nan,C,24.0,5.0,nan,N,nan,8.5,nan,0.77,15.45,0.63,18
1411909,1411909-1,D,nan,C,26.0,6.0,nan,N,nan,8.5,nan,0.8,17.71,0.92,18
1411933,1411933-1,H,A,C,0.0,0.0,nan,nan,nan,8.5,nan,,,,21
1411933,1411933-1,H,A,C,4.0,9.0,nan,nan,nan,8.5,nan,1.33,3.56,0.37,21
1411933,1411933-1,H,A,C,8.0,4.0,nan,nan,nan,8.5,nan,1.57,6.56,0.52,21
1411933,1411933-1,H,A,C,12.0,2.0,nan,nan,nan,8.5,nan,1.46,7.54,0.6,21
1411933,1411933-1,H,A,C,16.0,15.0,nan,nan,nan,8.5,nan,1.43,4.85,0.7,21
1411933,1411933-1,H,A,C,18.0,19.0,nan,nan,nan,8.5,nan,1.77,7.6,0.83,21
1411933,1411933-1,H,A,C,20.0,18.0,nan,nan,nan,8.5,nan,1.41,5.99,0.91,21
1411933,1411933-1,H,A,C,22.0,14.0,nan,nan,nan,8.5,nan,1.46,5.82,0.91,21
1411933,1411933-1,H,A,C,24.0,13.0,nan,nan,nan,8.5,nan,1.54,7.82,0.97,21
1411933,1411933-1,H,A,C,26.0,14.0,nan,nan,nan,8.5,nan,1.5,8.56,0.99,21
1411999,1411999-1,E,C,C,0.0,0.0,Warm Climate,N,N,9.0,Y,,,,14
1411999,1411999-1,E,C,C,8.0,10.0,Warm Climate,N,N,9.0,Y,1.56,20.99,0.81,14
1411999,1411999-1,E,C,C,10.0,9.0,Warm Climate,N,N,9.0,Y,1.45,20.85,0.84,14
1411999,1411999-1,E,C,C,12.0,1.0,Warm Climate,N,N,9.0,Y,1.72,20.83,0.99,14
1411999,1411999-1,E,C,C,14.0,4.0,Warm Climate,N,N,9.0,Y,1.78,20.78,1.0,14
1411999,1411999-1,E,C,C,16.0,0.0,Warm Climate,N,N,9.0,Y,1.71,20.72,1.0,14
1411999,1411999-1,E,C,C,18.0,17.0,Warm Climate,N,N,9.0,Y,1.8,20.8,1.0,14
1411999,1411999-1,E,C,C,20.0,1.0,Warm Climate,N,N,9.0,Y,1.79,20.74,1.0,14
1411999,1411999-1,E,C,C,22.0,4.7,Warm Climate,N,N,9.0,Y,1.83,20.73,1.0,14
1411999,1411999-1,E,C,C,24.0,2.3,Warm Climate,N,N,9.0,Y,1.79,20.8,0.99,14
1411999,1411999-1,E,C,C,26.0,0.0,Warm Climate,N,N,9.0,Y,1.9,20.61,1.0,14
1412001,1412001-1,E,C,C,0.0,0.0,Warm Climate,N,N,14.4,Y,,,,14
1412001,1412001-1,E,C,C,8.0,0.0,Warm Climate,N,N,14.4,Y,1.74,21.03,0.8,14
1412001,1412001-1,E,C,C,10.0,0.0,Warm Climate,N,N,14.4,Y,1.59,20.87,0.9,14
1412001,1412001-1,E,C,C,12.0,0.0,Warm Climate,N,N,14.4,Y,1.83,20.75,0.99,14
1412001,1412001-1,E,C,C,14.0,3.0,Warm Climate,N,N,14.4,Y,1.99,20.64,1.0,14
1412001,1412001-1,E,C,C,16.0,19.0,Warm Climate,N,N,14.4,Y,1.74,20.62,0.89,14
1412001,1412001-1,E,C,C,18.0,6.0,Warm Climate,N,N,14.4,Y,1.88,20.72,0.91,14
1412001,1412001-1,E,C,C,20.0,18.0,Warm Climate,N,N,14.4,Y,1.73,20.54,0.9,14
1412001,1412001-1,E,C,C,22.0,17.4,Warm Climate,N,N,14.4,Y,1.83,20.68,0.98,14
1412001,1412001-1,E,C,C,24.0,19.1,Warm Climate,N,N,14.4,Y,1.9,20.75,0.96,14
1412001,1412001-1,E,C,C,26.0,2.5,Warm Climate,N,N,14.4,Y,2.1,20.71,0.99,14
1412003,1412003-1,E,C,C,0.0,0.0,Warm Climate,N,N,14.4,Y,,,,14
1412003,1412003-1,E,C,C,8.0,0.0,Warm Climate,N,N,14.4,Y,1.52,21.04,0.85,14
1412003,1412003-1,E,C,C,10.0,3.0,Warm Climate,N,N,14.4,Y,1.61,20.77,1.0,14
1412003,1412003-1,E,C,C,12.0,10.0,Warm Climate,N,N,14.4,Y,1.83,20.61,1.0,14
1412003,1412003-1,E,C,C,14.0,6.0,Warm Climate,N,N,14.4,Y,1.81,20.68,1.0,14
1412003,1412003-1,E,C,C,16.0,6.0,Warm Climate,N,N,14.4,Y,1.8,20.57,1.0,14
1412003,1412003-1,E,C,C,18.0,13.0,Warm Climate,N,N,14.4,Y,1.69,20.34,1.0,14
1412003,1412003-1,E,C,C,20.0,0.0,Warm Climate,N,N,14.4,Y,1.88,20.59,1.0,14
1412003,1412003-1,E,C,C,22.0,2.1,Warm Climate,N,N,14.4,Y,1.97,20.63,1.0,14
1412003,1412003-1,E,C,C,24.0,12.7,Warm Climate,N,N,14.4,Y,1.82,20.65,1.0,14
1412003,1412003-1,E,C,C,26.0,10.5,Warm Climate,N,N,14.4,Y,2.24,20.76,0.99,14
1412034,1412034-1,E,C,C,0.0,0.0,Warm Climate,N,N,14.4,Y,,,,14
1412034,1412034-1,E,C,C,8.0,6.0,Warm Climate,N,N,14.4,Y,1.71,21.04,0.73,14
1412034,1412034-1,E,C,C,10.0,4.0,Warm Climate,N,N,14.4,Y,1.88,20.77,0.96,14
1412034,1412034-1,E,C,C,12.0,1.0,Warm Climate,N,N,14.4,Y,1.77,20.69,0.95,14
1412034,1412034-1,E,C,C,14.0,7.0,Warm Climate,N,N,14.4,Y,1.83,44.33,0.96,14
1412034,1412034-1,E,C,C,16.0,0.0,Warm Climate,N,N,14.4,Y,1.83,20.57,1.0,14
1412034,1412034-1,E,C,C,18.0,0.0,Warm Climate,N,N,14.4,Y,1.86,20.64,1.0,14
1412034,1412034-1,E,C,C,20.0,0.0,Warm Climate,N,N,14.4,Y,1.94,20.47,1.0,14
1412048,1412048-1,E,C,C,0.0,0.0,nan,nan,nan,16.0,nan,,,,14
1412048,1412048-1,E,C,C,8.0,11.0,nan,nan,nan,16.0,nan,,,,14
1412048,1412048-1,E,C,C,10.0,0.0,nan,nan,nan,16.0,nan,,,,14
1412048,1412048-1,E,C,C,12.0,4.0,nan,nan,nan,16.0,nan,,,,14
1512098,1512098-1,F,D,C,0.0,0.0,High Temperature and Humidity,N,N,18.0,N,2.72,20.91,1.0,14
1512098,1512098-1,F,D,C,7.0,14.4,High Temperature and Humidity,N,N,18.0,N,3.0,20.84,1.0,14
1512098,1512098-1,F,D,C,9.0,13.1,High Temperature and Humidity,N,N,18.0,N,3.07,20.82,1.0,14
1512098,1512098-1,F,D,C,11.0,9.0,High Temperature and Humidity,N,N,18.0,N,3.08,20.8,1.0,14
1512098,1512098-1,F,D,C,13.0,12.4,High Temperature and Humidity,N,N,18.0,N,3.16,20.78,1.0,14
1512098,1512098-1,F,D,C,15.0,7.4,High Temperature and Humidity,N,N,18.0,N,3.08,20.76,1.0,14
1512098,1512098-1,F,D,C,17.0,18.7,High Temperature and Humidity,N,N,18.0,N,2.99,20.41,1.0,14
1512098,1512098-1,F,D,C,19.0,17.9,High Temperature and Humidity,N,N,18.0,N,3.24,20.68,1.0,14
1512098,1512098-1,F,D,C,20.0,14.1,High Temperature and Humidity,N,N,18.0,N,3.07,20.84,1.0,14
1512098,1512098-1,F,D,C,22.0,16.5,High Temperature and Humidity,N,N,18.0,N,2.99,20.8,1.0,14
1512098,1512098-1,F,D,C,24.0,12.0,High Temperature and Humidity,N,N,18.0,N,3.09,20.88,1.0,14
1512098,1512098-1,F,D,C,26.0,16.9,High Temperature and Humidity,N,N,18.0,N,3.06,20.73,1.0,14
1512111,1512111-1,E,C,C,0.0,0.0,nan,nan,nan,16.0,nan,,,,14
1512111,1512111-1,E,C,C,14.0,7.0,nan,nan,nan,16.0,nan,1.38,5.86,0.11,14
1512111,1512111-1,E,C,C,16.0,20.0,nan,nan,nan,16.0,nan,1.46,8.14,0.28,14
1512111,1512111-1,E,C,C,18.0,5.0,nan,nan,nan,16.0,nan,1.44,5.61,0.1,14
1512111,1512111-1,E,C,C,20.0,20.0,nan,nan,nan,16.0,nan,1.47,13.14,0.41,14
1512111,1512111-1,E,C,C,22.0,20.0,nan,nan,nan,16.0,nan,1.47,7.71,0.24,14
1512111,1512111-1,E,C,C,24.0,6.0,nan,nan,nan,16.0,nan,1.41,12.37,0.26,14
1512161,1512161-1,B,nan,A,0.0,0.0,nan,nan,nan,16.0,nan,,,,20
1512161,1512161-1,B,nan,A,22.0,10.0,nan,nan,nan,16.0,nan,,,,20
1512161,1512161-2,B,nan,A,0.0,0.0,nan,nan,nan,16.0,nan,,,,20
1512161,1512161-2,B,nan,A,22.0,11.0,nan,nan,nan,16.0,nan,2.59,,0.55,20
1512161,1512161-2,B,nan,A,24.0,13.0,nan,nan,nan,16.0,nan,2.84,,0.6,20
1512161,1512161-2,B,nan,A,26.0,20.0,nan,nan,nan,16.0,nan,,,,20
1512161,1512161-3,B,nan,A,0.0,0.0,nan,nan,nan,16.0,nan,1.5,,0.79,20
1512161,1512161-3,B,nan,A,22.0,15.0,nan,nan,nan,16.0,nan,,,,20
1512161,1512161-4,B,nan,A,0.0,0.0,nan,nan,nan,16.0,nan,,,,20
1512161,1512161-4,B,nan,A,22.0,17.0,nan,nan,nan,16.0,nan,2.42,,1.0,20
1512161,1512161-4,B,nan,A,24.0,15.0,nan,nan,nan,16.0,nan,2.66,,1.0,20
1512161,1512161-4,B,nan,A,26.0,7.0,nan,nan,nan,16.0,nan,2.74,,1.0,20
1512296,1512296-1,G,nan,A,0.0,0.0,Cold Climate,Y,nan,16.0,nan,1.06,1.34,,14
1512296,1512296-1,G,nan,A,6.0,12.4,Cold Climate,Y,nan,16.0,nan,0.61,12.75,,14
1512296,1512296-1,G,nan,A,8.0,4.4,Cold Climate,Y,nan,16.0,nan,0.61,12.63,,14
1512296,1512296-1,G,nan,A,13.0,9.4,Cold Climate,Y,nan,16.0,nan,0.65,15.14,,14
1512296,1512296-1,G,nan,A,16.0,7.3,Cold Climate,Y,nan,16.0,nan,0.67,13.46,,14
1512296,1512296-1,G,nan,A,18.0,14.0,Cold Climate,Y,nan,16.0,nan,0.67,16.08,,14
1512296,1512296-1,G,nan,A,20.0,16.7,Cold Climate,Y,nan,16.0,nan,0.7,12.75,,14
1512296,1512296-1,G,nan,A,22.0,34.0,Cold Climate,Y,nan,16.0,nan,0.7,18.58,,14
1512296,1512296-1,G,nan,A,26.0,30.0,Cold Climate,Y,nan,16.0,nan,0.76,18.36,,14
1512296,1512296-1,G,nan,A,28.0,16.1,Cold Climate,Y,nan,16.0,nan,0.79,18.24,,14
1512305,1512305-1,D,nan,C,0.0,0.0,High Temperature and Humidity,nan,nan,20.0,nan,,,,18
1512305,1512305-1,D,nan,C,16.0,7.0,High Temperature and Humidity,nan,nan,20.0,nan,,,,18
1512305,1512305-1,D,nan,C,18.0,6.0,High Temperature and Humidity,nan,nan,20.0,nan,,,,18
1512305,1512305-1,D,nan,C,20.0,2.0,High Temperature and Humidity,nan,nan,20.0,nan,,,,18
1512305,1512305-2,H,nan,C,0.0,0.0,High Temperature and Humidity,nan,nan,20.0,nan,,,,14
1512305,1512305-2,H,nan,C,16.0,8.0,High Temperature and Humidity,nan,nan,20.0,nan,,,,14
1512305,1512305-2,H,nan,C,18.0,18.0,High Temperature and Humidity,nan,nan,20.0,nan,,,,14
1512305,1512305-2,H,nan,C,20.0,12.0,High Temperature and Humidity,nan,nan,20.0,nan,,,,14
1512421,1512421-1,F,E,C,0.0,0.0,High Temperature and Humidity,N,N,18.0,N,1.86,20.93,,14
1512421,1512421-1,F,E,C,5.0,0.0,High Temperature and Humidity,N,N,18.0,N,1.99,20.54,0.41,14
1512421,1512421-1,F,E,C,10.0,3.5,High Temperature and Humidity,N,N,18.0,N,2.1,21.02,0.42,14
1512421,1512421-1,F,E,C,13.0,9.6,High Temperature and Humidity,N,N,18.0,N,2.0,20.97,0.46,14
1512534,1512534-1,B,nan,A,0.0,0.0,Cold Climate,N,nan,16.0,nan,,,,20
1512534,1512534-1,B,nan,A,12.0,0.0,Cold Climate,N,nan,16.0,nan,3.55,,0.53,20
1512534,1512534-1,B,nan,A,22.0,27.6,Cold Climate,N,nan,16.0,nan,,,,20
1512534,1512534-2,B,nan,A,0.0,0.0,Cold Climate,N,nan,16.0,nan,,,,20
1512534,1512534-2,B,nan,A,16.0,22.7,Cold Climate,N,nan,16.0,nan,,,,20
1512534,1512534-2,B,nan,A,22.0,21.9,Cold Climate,N,nan,16.0,nan,3.72,,0.58,20
1512534,1512534-2,B,nan,A,24.0,30.9,Cold Climate,N,nan,16.0,nan,4.02,,0.58,20
1512534,1512534-2,B,nan,A,26.0,31.6,Cold Climate,N,nan,16.0,nan,4.19,,0.7,20
1512578,1512578-1,C,E,B,0.0,0.0,Cold Climate,N,nan,16.2,nan,1.94,20.68,,14
1512578,1512578-1,C,E,B,10.0,24.3,Cold Climate,N,nan,16.2,nan,2.09,20.34,1.0,14
1512578,1512578-1,C,E,B,12.0,18.8,Cold Climate,N,nan,16.2,nan,2.31,20.83,1.0,14
1512578,1512578-1,C,E,B,14.0,18.6,Cold Climate,N,nan,16.2,nan,2.25,20.8,1.0,14
1512578,1512578-1,C,E,B,16.0,23.8,Cold Climate,N,nan,16.2,nan,2.36,20.85,1.0,14
1512578,1512578-1,C,E,B,18.0,20.8,Cold Climate,N,nan,16.2,nan,2.27,20.8,1.0,14
1512578,1512578-1,C,E,B,20.0,18.7,Cold Climate,N,nan,16.2,nan,2.38,20.81,1.0,14
1512598,1512598-1,F,F,C,0.0,0.0,Cold Climate,N,nan,16.2,nan,1.19,20.91,,14
1512598,1512598-1,F,F,C,10.0,5.0,Cold Climate,N,nan,16.2,nan,1.37,20.79,0.21,14
1512598,1512598-1,F,F,C,12.0,3.9,Cold Climate,N,nan,16.2,nan,1.41,20.79,0.21,14
1512598,1512598-1,F,F,C,14.0,2.5,Cold Climate,N,nan,16.2,nan,1.55,20.69,0.25,14
1512598,1512598-1,F,F,C,16.0,2.6,Cold Climate,N,nan,16.2,nan,1.6,20.76,0.23,14
1512598,1512598-1,F,F,C,18.0,10.0,Cold Climate,N,nan,16.2,nan,1.54,20.64,0.29,14
1512627,1512627-1-Southern,D,nan,C,0.0,0.0,Warm Climate,Y,nan,18.0,nan,3.16,21.0,0.52,22
1512627,1512627-1-Southern,D,nan,C,12.0,0.0,Warm Climate,Y,nan,18.0,nan,20.82,,0.62,22
1512627,1512627-1-Southern,D,nan,C,16.0,0.0,Warm Climate,Y,nan,18.0,nan,20.78,,,22
1512627,1512627-1-Southern,D,nan,C,20.0,6.0,Warm Climate,Y,nan,18.0,nan,20.73,,,22
1512627,1512627-1-Southern,D,nan,C,22.0,6.0,Warm Climate,Y,nan,18.0,nan,20.79,,,22
1512627,1512627-1-Southern,D,nan,C,24.0,0.0,Warm Climate,Y,nan,18.0,nan,20.79,,,22
1512627,1512627-1-Southern,D,nan,C,26.0,6.0,Warm Climate,Y,nan,18.0,nan,20.98,,,22
1512637,1512637-1,B,nan,A,0.0,0.0,Cold Climate,N,nan,9.0,nan,,,,20
1512637,1512637-1,B,nan,A,16.0,17.0,Cold Climate,N,nan,9.0,nan,,,,20
1512637,1512637-1,B,nan,A,20.0,7.0,Cold Climate,N,nan,9.0,nan,,,,20
1512637,1512637-1,B,nan,A,22.0,13.0,Cold Climate,N,nan,9.0,nan,,,,20
1512637,1512637-1,B,nan,A,24.0,15.0,Cold Climate,N,nan,9.0,nan,,,,20
1512637,1512637-1,B,nan,A,26.0,21.0,Cold Climate,N,nan,9.0,nan,,,,20
1512637,1512637-2,B,nan,A,0.0,0.0,Cold Climate,N,nan,9.0,nan,,,,20
1512637,1512637-2,B,nan,A,16.0,16.8,Cold Climate,N,nan,9.0,nan,,,,20
1512637,1512637-2,B,nan,A,20.0,7.1,Cold Climate,N,nan,9.0,nan,,,,20
1512637,1512637-2,B,nan,A,22.0,13.2,Cold Climate,N,nan,9.0,nan,,,,20
1512654,1512654-1,C,A,B,0.0,0.0,Warm Climate,Y,nan,16.0,nan,,,,21
1512654,1512654-1,C,A,B,22.0,0.0,Warm Climate,Y,nan,16.0,nan,,,,21
1512654,1512654-1,C,A,B,24.0,0.0,Warm Climate,Y,nan,16.0,nan,,,,21
1512654,1512654-1,C,A,B,26.0,0.0,Warm Climate,Y,nan,16.0,nan,,,,21
1512712,1512712-1,F,A,C,0.0,0.0,High Temperature and Humidity,N,N,18.0,N,,,,31
1512712,1512712-1,F,A,C,29.0,3.0,High Temperature and Humidity,N,N,18.0,N,1.53,,,31
1512712,1512712-1,F,A,C,33.0,3.0,High Temperature and Humidity,N,N,18.0,N,,,,31
1512884,1512884-1,E,C,C,0.0,0.0,Warm Climate,N,nan,9.0,Y,,,,14
1512884,1512884-1,E,C,C,8.0,28.2,Warm Climate,N,nan,9.0,Y,1.82,20.43,1.0,14
1512884,1512884-1,E,C,C,10.0,33.1,Warm Climate,N,nan,9.0,Y,2.14,20.55,0.97,14
1512884,1512884-1,E,C,C,12.0,32.1,Warm Climate,N,nan,9.0,Y,2.46,20.47,0.9,14
1512884,1512884-1,E,C,C,14.0,29.6,Warm Climate,N,nan,9.0,Y,,,,14
1512884,1512884-2,E,C,C,0.0,0.0,Warm Climate,Y,nan,9.0,Y,,,,14
1512884,1512884-2,E,C,C,8.0,15.9,Warm Climate,Y,nan,9.0,Y,2.29,11.8,0.25,14
1512884,1512884-2,E,C,C,10.0,6.3,Warm Climate,Y,nan,9.0,Y,1.76,13.55,0.4,14
1512884,1512884-2,E,C,C,12.0,16.4,Warm Climate,Y,nan,9.0,Y,1.77,14.71,0.73,14
1512884,1512884-2,E,C,C,14.0,30.6,Warm Climate,Y,nan,9.0,Y,1.78,20.27,0.91,14
1512884,1512884-3,E,C,C,0.0,0.0,Warm Climate,Y,nan,9.0,Y,,,,14
1512884,1512884-3,E,C,C,14.0,9.3,Warm Climate,Y,nan,9.0,Y,,,,14
1512884,1512884-3,E,C,C,16.0,0.0,Warm Climate,Y,nan,9.0,Y,,,,14
1512884,1512884-3,E,C,C,18.0,3.1,Warm Climate,Y,nan,9.0,Y,,,,14
1512886,1512886-1,E,C,C,0.0,0.0,Warm Climate,N,nan,9.0,Y,,,,14
1512886,1512886-1,E,C,C,8.0,22.7,Warm Climate,N,nan,9.0,Y,2.2,20.74,1.0,14
1512886,1512886-1,E,C,C,10.0,31.8,Warm Climate,N,nan,9.0,Y,2.0,19.9,1.0,14
1512886,1512886-1,E,C,C,12.0,25.2,Warm Climate,N,nan,9.0,Y,2.22,20.98,1.0,14
1512886,1512886-1,E,C,C,14.0,25.0,Warm Climate,N,nan,9.0,Y,,,,14
1512886,1512886-2,E,C,C,0.0,0.0,Warm Climate,Y,nan,9.0,Y,,,,14
1512886,1512886-2,E,C,C,8.0,8.9,Warm Climate,Y,nan,9.0,Y,1.73,16.47,0.39,14
1512886,1512886-2,E,C,C,10.0,9.0,Warm Climate,Y,nan,9.0,Y,1.77,16.23,0.46,14
1512886,1512886-2,E,C,C,12.0,0.0,Warm Climate,Y,nan,9.0,Y,2.09,12.59,0.52,14
1512886,1512886-2,E,C,C,14.0,1.5,Warm Climate,Y,nan,9.0,Y,2.16,13.86,0.46,14
1512888,1512888-1,E,C,C,0.0,0.0,Warm Climate,N,nan,5.0,Y,,,,14
1512888,1512888-1,E,C,C,8.0,35.4,Warm Climate,N,nan,5.0,Y,1.64,17.18,1.0,14
1512888,1512888-1,E,C,C,10.0,34.6,Warm Climate,N,nan,5.0,Y,1.66,17.87,1.0,14
1512888,1512888-1,E,C,C,12.0,36.1,Warm Climate,N,nan,5.0,Y,1.82,18.68,1.0,14
1512888,1512888-1,E,C,C,14.0,37.6,Warm Climate,N,nan,5.0,Y,1.93,15.02,1.0,14
1512890,1512890-1,E,C,C,0.0,0.0,Warm Climate,Y,nan,5.0,Y,,,,14
1512890,1512890-1,E,C,C,8.0,22.3,Warm Climate,Y,nan,5.0,Y,1.68,17.72,1.0,14
1512890,1512890-1,E,C,C,10.0,21.5,Warm Climate,Y,nan,5.0,Y,1.54,15.11,1.0,14
1512890,1512890-1,E,C,C,12.0,23.2,Warm Climate,Y,nan,5.0,Y,1.68,13.66,0.98,14
1512890,1512890-1,E,C,C,14.0,31.1,Warm Climate,Y,nan,5.0,Y,1.71,13.31,1.0,14
1512890,1512890-2,E,C,C,0.0,0.0,Warm Climate,N,nan,5.0,Y,,,,14
1512890,1512890-2,E,C,C,8.0,26.9,Warm Climate,N,nan,5.0,Y,1.69,20.56,1.0,14
1512890,1512890-2,E,C,C,10.0,35.9,Warm Climate,N,nan,5.0,Y,1.79,20.35,1.0,14
1512890,1512890-2,E,C,C,12.0,36.7,Warm Climate,N,nan,5.0,Y,2.08,20.8,1.0,14
1512890,1512890-2,E,C,C,14.0,32.5,Warm Climate,N,nan,5.0,Y,,,,14
1512900,1512900-1,C,A,B,0.0,0.0,nan,nan,nan,18.0,nan,,,,31
1512900,1512900-1,C,A,B,4.0,2.2,nan,nan,nan,18.0,nan,,,,31
1512900,1512900-1,C,A,B,8.0,0.0,nan,nan,nan,16.0,nan,,,,21
1512900,1512900-1,C,A,B,12.0,0.0,nan,nan,nan,16.0,nan,,,,21
1513103,1513103-1,H,A,C,0.0,0.0,nan,N,nan,16.0,nan,1.51,20.8,0.53,21
1513103,1513103-1,H,A,C,4.0,3.4,nan,N,nan,16.0,nan,2.05,19.58,0.54,21
1513103,1513103-1,H,A,C,8.0,27.4,nan,N,nan,16.0,nan,2.83,20.19,0.79,21
1513103,1513103-1,H,A,C,12.0,21.2,nan,N,nan,16.0,nan,2.97,20.8,0.72,21
1513115,1513115-1,H,A,C,0.0,0.0,nan,Y,nan,16.0,nan,1.54,4.44,0.5,21
1513115,1513115-1,H,A,C,12.0,19.8,nan,Y,nan,16.0,nan,2.46,5.77,0.56,21
1513115,1513115-1,H,A,C,16.0,15.1,nan,Y,nan,16.0,nan,,,,21
1513116,1513116-1,H,A,C,0.0,0.0,nan,Y,nan,16.0,nan,1.68,14.74,0.52,21
1513116,1513116-1,H,A,C,4.0,9.7,nan,Y,nan,16.0,nan,1.87,12.71,0.53,21
1513116,1513116-1,H,A,C,8.0,17.5,nan,Y,nan,16.0,nan,2.47,5.86,0.61,21
1513116,1513116-1,H,A,C,12.0,20.4,nan,Y,nan,16.0,nan,2.73,13.32,0.65,21
1513116,1513116-1,H,A,C,16.0,36.8,nan,Y,nan,16.0,nan,3.43,19.44,0.85,21
1513116,1513116-1,H,A,C,20.0,27.8,nan,Y,nan,16.0,nan,3.96,20.86,0.98,21
1513116,1513116-1,H,A,C,24.0,34.9,nan,Y,nan,16.0,nan,4.09,20.92,1.0,21
1513130,1513130-1,H,A,C,0.0,0.0,nan,N,nan,16.0,nan,1.68,20.82,0.61,21
1513130,1513130-1,H,A,C,4.0,2.2,nan,N,nan,16.0,nan,2.21,20.8,0.68,21
1513130,1513130-1,H,A,C,8.0,17.8,nan,N,nan,16.0,nan,2.69,20.9,0.9,21
1513130,1513130-1,H,A,C,12.0,5.9,nan,N,nan,16.0,nan,2.95,21.01,0.81,21
1513280,1513280-1,H,A,C,0.0,0.0,High Temperature and Humidity,nan,nan,16.2,nan,1.2,3.6,,21
1513280,1513280-1,H,A,C,14.0,8.5,High Temperature and Humidity,nan,nan,16.2,nan,1.39,7.37,,21
1513280,1513280-1,H,A,C,16.0,12.9,High Temperature and Humidity,nan,nan,16.2,nan,1.37,6.13,,21
1513280,1513280-1,H,A,C,18.0,9.5,High Temperature and Humidity,nan,nan,16.2,nan,1.42,7.61,,21
1513280,1513280-1,H,A,C,20.0,16.1,High Temperature and Humidity,nan,nan,16.2,nan,1.43,6.64,,21
1513280,1513280-1,H,A,C,22.0,9.1,High Temperature and Humidity,nan,nan,16.2,nan,1.41,6.96,,21
1513280,1513280-1,H,A,C,24.0,16.4,High Temperature and Humidity,nan,nan,16.2,nan,2.4,13.26,,21
1513280,1513280-1,H,A,C,24.0,12.2,High Temperature and Humidity,nan,nan,16.2,nan,2.4,13.26,,21
1513280,1513280-1,H,A,C,26.0,14.1,High Temperature and Humidity,nan,nan,16.2,nan,1.4,8.38,,21
1513280,1513280-1,H,A,C,28.0,19.7,High Temperature and Humidity,nan,nan,16.2,nan,1.47,11.86,,21
1513280,1513280-2,H,A,C,0.0,0.0,High Temperature and Humidity,nan,nan,16.2,nan,1.27,3.63,,21
1513280,1513280-2,H,A,C,14.0,11.6,High Temperature and Humidity,nan,nan,16.2,nan,1.37,5.53,0.54,21
1513280,1513280-2,H,A,C,16.0,0.0,High Temperature and Humidity,nan,nan,16.2,nan,1.33,5.5,0.54,21
1513280,1513280-2,H,A,C,18.0,0.0,High Temperature and Humidity,nan,nan,16.2,nan,1.42,7.6,0.69,21
1513280,1513280-2,H,A,C,20.0,7.4,High Temperature and Humidity,nan,nan,16.2,nan,1.47,7.49,0.78,21
1513280,1513280-2,H,A,C,22.0,8.7,High Temperature and Humidity,nan,nan,16.2,nan,1.78,12.27,0.88,21
1513280,1513280-2,H,A,C,24.0,0.0,High Temperature and Humidity,nan,nan,16.2,nan,1.71,12.79,0.67,21
1513280,1513280-2,H,A,C,24.0,15.1,High Temperature and Humidity,nan,nan,16.2,nan,1.71,12.79,0.67,21
1513280,1513280-2,H,A,C,26.0,14.7,High Temperature and Humidity,nan,nan,16.2,nan,1.49,7.02,0.84,21
1513280,1513280-2,H,A,C,28.0,17.8,High Temperature and Humidity,nan,nan,16.2,nan,1.47,7.34,1.0,21
1513327,1513327-1,I,nan,C,0.0,0.0,nan,nan,nan,16.0,nan,,,,14
1513327,1513327-1,I,nan,C,14.0,28.4,nan,nan,nan,16.0,nan,5.6,,,14
1513327,1513327-1,I,nan,C,26.0,34.2,nan,nan,nan,16.0,nan,6.74,,,14
1513338,1513338-1,C,A,B,0.0,0.0,High Temperature and Humidity,N,nan,16.0,nan,,,,21
1513338,1513338-1,C,A,B,10.0,9.0,High Temperature and Humidity,N,nan,16.0,nan,1.46,,,21
1513338,1513338-1,C,A,B,12.0,17.3,High Temperature and Humidity,N,nan,16.0,nan,1.54,,,21
1513338,1513338-1,C,A,B,14.0,16.1,High Temperature and Humidity,N,nan,16.0,nan,1.61,,,21
1513338,1513338-1,C,A,B,16.0,18.2,High Temperature and Humidity,N,nan,16.0,nan,1.61,,,21
1513338,1513338-1,C,A,B,20.0,20.2,High Temperature and Humidity,N,nan,16.0,nan,1.5,,,21
1513338,1513338-1,C,A,B,22.0,19.3,High Temperature and Humidity,N,nan,16.0,nan,1.71,,,21
1513338,1513338-1,C,A,B,24.0,16.8,High Temperature and Humidity,N,nan,16.0,nan,2.02,,,21
1513338,1513338-1,C,A,B,26.0,24.5,High Temperature and Humidity,N,nan,16.0,nan,1.66,,,21
1513338,1513338-1,C,A,B,30.0,20.0,High Temperature and Humidity,N,nan,16.0,nan,1.84,,,21
1513340,1513340-1,G,nan,A,0.0,0.0,nan,Y,nan,18.0,nan,0.33,16.44,,14
1513340,1513340-1,G,nan,A,7.0,30.9,nan,Y,nan,18.0,nan,0.55,9.79,,14
1513340,1513340-1,G,nan,A,9.5,28.4,nan,Y,nan,18.0,nan,0.68,14.6,,14
1513340,1513340-1,G,nan,A,10.0,44.4,nan,Y,nan,18.0,nan,0.7,15.18,,14
1513340,1513340-2,G,nan,A,0.0,0.0,nan,Y,nan,18.0,nan,0.57,19.41,,14
1513340,1513340-2,G,nan,A,7.0,38.5,nan,Y,nan,18.0,nan,0.83,16.06,,14
1513340,1513340-2,G,nan,A,9.5,38.6,nan,Y,nan,16.0,nan,1.1,20.19,,14
1513340,1513340-2,G,nan,A,10.0,43.2,nan,Y,nan,16.0,nan,1.15,20.02,,14
1513368,1513368-1,E,C,C,0.0,0.0,Cold Climate,Y,nan,16.2,N,1.58,8.51,0.36,14
1513368,1513368-1,E,C,C,4.0,24.5,Cold Climate,Y,nan,16.2,N,1.67,6.94,0.33,14
1513368,1513368-1,E,C,C,7.0,14.4,Cold Climate,Y,nan,16.2,N,1.73,5.77,0.32,14
1513368,1513368-1,E,C,C,10.0,7.4,Cold Climate,Y,nan,16.2,N,1.8,4.6,0.3,14
1513368,1513368-1,E,C,C,13.0,32.5,Cold Climate,Y,nan,16.2,N,1.66,7.5,0.54,14
1513368,1513368-1,E,C,C,16.0,25.2,Cold Climate,Y,nan,16.2,N,1.6,7.73,0.54,14
1513368,1513368-1,E,C,C,19.0,28.4,Cold Climate,Y,nan,16.2,N,1.64,10.32,0.62,14
1513368,1513368-1,E,C,C,21.0,15.3,Cold Climate,Y,nan,16.2,N,1.71,9.03,0.53,14
1513368,1513368-1,E,C,C,24.0,10.4,Cold Climate,Y,nan,16.2,N,1.68,6.34,0.48,14
1513368,1513368-1,E,C,C,26.0,13.7,Cold Climate,Y,nan,16.2,N,,,,14
1513376,1513376-1,C,A,B,0.0,0.0,High Temperature and Humidity,N,nan,16.0,nan,,,,21
1513376,1513376-1,C,A,B,10.0,0.0,High Temperature and Humidity,N,nan,16.0,nan,2.2,,,21
1513376,1513376-1,C,A,B,12.0,10.1,High Temperature and Humidity,N,nan,16.0,nan,2.88,,,21
1513376,1513376-1,C,A,B,14.0,14.3,High Temperature and Humidity,N,nan,16.0,nan,2.42,,,21
1513376,1513376-1,C,A,B,16.0,1.8,High Temperature and Humidity,N,nan,16.0,nan,2.37,,,21
1513376,1513376-1,C,A,B,18.0,8.0,High Temperature and Humidity,N,nan,16.0,nan,2.37,,,21
1513376,1513376-1,C,A,B,20.0,12.5,High Temperature and Humidity,N,nan,16.0,nan,2.43,,,21
1513376,1513376-1,C,A,B,24.0,10.5,High Temperature and Humidity,N,nan,16.0,nan,2.92,,,21
1513376,1513376-1,C,A,B,26.0,12.9,High Temperature and Humidity,N,nan,16.0,nan,2.85,,,21
1513376,1513376-1,C,A,B,28.0,24.8,High Temperature and Humidity,N,nan,16.0,nan,2.66,,,21
1513376,1513376-1,C,A,B,30.0,27.6,High Temperature and Humidity,N,nan,16.0,nan,3.02,,,21
1513376,1513376-1,C,A,B,32.0,22.5,High Temperature and Humidity,N,nan,16.0,nan,2.72,,,21
1513377,1513377-1,C,A,B,0.0,0.0,nan,N,nan,16.0,nan,,,,21
1513377,1513377-1,C,A,B,16.0,13.8,nan,N,nan,16.0,nan,,,,21
1513377,1513377-1,C,A,B,18.0,5.4,nan,N,nan,16.0,nan,,,,21
1513377,1513377-1,C,A,B,20.0,9.1,nan,N,nan,16.0,nan,,,,21
1613454,1613454-1,I,A,C,0.0,0.0,nan,nan,nan,16.0,nan,,,,21
1613454,1613454-1,I,A,C,14.0,46.1,nan,nan,nan,16.0,nan,3.87,,,21
1613454,1613454-1,I,A,C,20.0,46.1,nan,nan,nan,16.0,nan,4.41,,,21
1613454,1613454-1,I,A,C,26.0,44.4,nan,nan,nan,16.0,nan,4.62,,,21
1613454,1613454-2,I,A,C,0.0,0.0,nan,nan,nan,16.0,nan,,,,21
1613454,1613454-2,I,A,C,14.0,44.5,nan,nan,nan,16.0,nan,3.32,,,21
1613454,1613454-2,I,A,C,20.0,45.3,nan,nan,nan,16.0,nan,4.12,,,21
1613454,1613454-2,I,A,C,26.0,45.3,nan,nan,nan,16.0,nan,4.58,,,21
1613469,1613469-1,E,C,C,0.0,0.0,Warm Climate,Y,nan,16.2,N,1.51,5.47,,14
1613469,1613469-1,E,C,C,4.0,0.0,Warm Climate,Y,nan,16.2,N,1.56,4.45,,14
1613469,1613469-1,E,C,C,6.0,0.2,Warm Climate,Y,nan,16.2,N,1.58,3.94,,14
1613469,1613469-1,E,C,C,8.0,2.6,Warm Climate,Y,nan,16.2,N,1.61,3.42,,14
1613469,1613469-1,E,C,C,10.0,0.0,Warm Climate,Y,nan,16.2,N,1.59,3.04,,14
1613469,1613469-1,E,C,C,12.0,3.3,Warm Climate,Y,nan,16.2,N,1.59,2.87,,14
1613469,1613469-1,E,C,C,14.0,5.8,Warm Climate,Y,nan,16.2,N,1.54,2.87,,14
1613469,1613469-1,E,C,C,16.0,5.0,Warm Climate,Y,nan,16.2,N,1.49,3.19,,14
1613469,1613469-1,E,C,C,18.0,0.0,Warm Climate,Y,nan,16.2,N,1.53,3.68,,14
1613469,1613469-1,E,C,C,20.0,17.8,Warm Climate,Y,nan,16.2,N,1.54,3.87,,14
1613469,1613469-1,E,C,C,22.0,14.6,Warm Climate,Y,nan,16.2,N,1.54,4.77,,14
1613469,1613469-1,E,C,C,24.0,5.6,Warm Climate,Y,nan,16.2,N,1.56,5.18,,14
1613469,1613469-1,E,C,C,26.0,3.5,Warm Climate,Y,nan,16.2,N,,,,14
1613520,1613520-1,H,A,C,0.0,0.0,nan,Y,nan,16.0,nan,,,,21
1613520,1613520-1,H,A,C,4.0,6.2,nan,Y,nan,16.0,nan,,,,21
1613520,1613520-1,H,A,C,8.0,22.6,nan,Y,nan,16.0,nan,,,,21
1613520,1613520-1,H,A,C,12.0,8.2,nan,Y,nan,16.0,nan,,,,21
1613520,1613520-1,H,A,C,16.0,10.7,nan,Y,nan,16.0,nan,,,,21
1613520,1613520-1,H,A,C,20.0,11.6,nan,Y,nan,16.0,nan,,,,21
1613520,1613520-1,H,A,C,24.0,13.0,nan,Y,nan,16.0,nan,,,,21
1613520,1613520-1,H,A,C,28.0,16.6,nan,Y,nan,16.0,nan,,,,21
1613520,1613520-1,H,A,C,32.0,21.6,nan,Y,nan,16.0,nan,,,,21
1613520,1613520-1,H,A,C,36.0,16.4,nan,Y,nan,16.0,nan,,,,21
1613520,1613520-1,H,A,C,40.0,16.1,nan,Y,nan,16.0,nan,,,,21
1613520,1613520-1,H,A,C,44.0,32.3,nan,Y,nan,16.0,nan,,,,21
1613520,1613520-1,H,A,C,48.0,26.6,nan,Y,nan,16.0,nan,,,,21
1613520,1613520-2,H,A,C,0.0,0.0,nan,Y,nan,16.0,nan,1.7,1.05,0.88,21
1613520,1613520-2,H,A,C,4.0,6.2,nan,Y,nan,16.0,nan,1.87,1.75,0.89,21
1613520,1613520-2,H,A,C,8.0,22.6,nan,Y,nan,16.0,nan,2.01,1.91,0.96,21
1613520,1613520-2,H,A,C,12.0,8.2,nan,Y,nan,16.0,nan,2.2,2.41,0.97,21
1613520,1613520-2,H,A,C,16.0,10.7,nan,Y,nan,16.0,nan,2.44,2.36,0.96,21
1613520,1613520-2,H,A,C,20.0,11.6,nan,Y,nan,16.0,nan,2.25,2.58,0.99,21
1613520,1613520-2,H,A,C,24.0,13.0,nan,Y,nan,16.0,nan,2.78,0.86,0.96,21
1613520,1613520-2,H,A,C,28.0,16.6,nan,Y,nan,16.0,nan,2.84,5.1,0.94,21
1613520,1613520-2,H,A,C,32.0,21.6,nan,Y,nan,16.0,nan,3.0,1.08,1.0,21
1613520,1613520-2,H,A,C,36.0,16.4,nan,Y,nan,16.0,nan,3.03,1.58,1.0,21
1613530,1613530-1,E,C,C,0.0,0.0,Warm Climate,Y,nan,16.2,N,1.54,4.09,0.1,14
1613530,1613530-1,E,C,C,4.0,0.0,Warm Climate,Y,nan,16.2,N,1.54,3.71,0.1,14
1613530,1613530-1,E,C,C,6.0,8.7,Warm Climate,Y,nan,16.2,N,1.54,3.53,0.1,14
1613530,1613530-1,E,C,C,8.0,13.3,Warm Climate,Y,nan,16.2,N,1.55,3.34,0.1,14
1613530,1613530-1,E,C,C,10.0,20.9,Warm Climate,Y,nan,16.2,N,1.48,4.77,0.12,14
1613530,1613530-1,E,C,C,12.0,4.3,Warm Climate,Y,nan,16.2,N,1.42,4.75,0.12,14
1613530,1613530-1,E,C,C,14.0,8.6,Warm Climate,Y,nan,16.2,N,1.54,3.69,0.1,14
1613530,1613530-1,E,C,C,16.0,13.3,Warm Climate,Y,nan,16.2,N,1.59,3.99,0.1,14
1613530,1613530-1,E,C,C,18.0,10.7,Warm Climate,Y,nan,16.2,N,1.53,3.78,0.1,14
1613530,1613530-1,E,C,C,20.0,4.1,Warm Climate,Y,nan,16.2,N,1.58,3.93,0.1,14
1613530,1613530-1,E,C,C,22.0,36.2,Warm Climate,Y,nan,16.2,N,1.53,3.96,0.1,14
1613530,1613530-1,E,C,C,24.0,25.7,Warm Climate,Y,nan,16.2,N,1.52,3.96,0.1,14
1613530,1613530-1,E,C,C,26.0,30.3,Warm Climate,Y,nan,16.2,N,,,,14
1613531,1613531-1,H,A,C,0.0,0.0,nan,N,nan,16.0,nan,2.15,20.78,0.91,21
1613531,1613531-1,H,A,C,4.0,0.0,nan,N,nan,16.0,nan,2.43,18.81,0.97,21
1613531,1613531-1,H,A,C,8.0,11.5,nan,N,nan,16.0,nan,3.22,20.82,1.0,21
1613531,1613531-1,H,A,C,12.0,34.6,nan,N,nan,16.0,nan,4.04,18.7,1.0,21
1613531,1613531-1,H,A,C,16.0,46.1,nan,N,nan,16.0,nan,4.48,18.94,1.0,21
1613531,1613531-1,H,A,C,20.0,46.1,nan,N,nan,16.0,nan,4.96,20.51,1.0,21
1613531,1613531-1,H,A,C,24.0,46.7,nan,N,nan,16.0,nan,5.22,20.24,1.0,21
1613606,1613606-1,E,C,C,0.0,0.0,Warm Climate,N,nan,8.5,N,1.82,20.89,0.19,14
1613606,1613606-1,E,C,C,12.0,34.1,Warm Climate,N,nan,8.5,N,1.74,20.79,0.51,14
1613606,1613606-1,E,C,C,14.0,25.8,Warm Climate,N,nan,8.5,N,1.71,20.6,0.52,14
1613606,1613606-1,E,C,C,16.0,35.0,Warm Climate,N,nan,8.5,N,,,,14
1613606,1613606-2,E,C,C,0.0,0.0,Warm Climate,Y,nan,8.5,N,1.57,6.77,0.11,14
1613606,1613606-2,E,C,C,12.0,0.0,Warm Climate,Y,nan,8.5,N,1.66,6.8,0.16,14
1613606,1613606-2,E,C,C,14.0,0.0,Warm Climate,Y,nan,8.5,N,1.77,6.97,0.24,14
1613606,1613606-2,E,C,C,16.0,4.1,Warm Climate,Y,nan,8.5,N,,,,14
1613611,1613611-1,F,A,C,0.0,0.0,Warm Climate,N,nan,18.0,nan,,,,31
1613611,1613611-1,F,A,C,20.0,6.7,Warm Climate,N,nan,18.0,nan,,,,31
1613611,1613611-1,F,A,C,22.0,0.0,Warm Climate,N,nan,18.0,nan,,,,31
1613611,1613611-1,F,A,C,24.0,23.5,Warm Climate,N,nan,18.0,nan,,,,31
1613611,1613611-1,F,A,C,26.0,5.5,Warm Climate,N,nan,18.0,nan,,,,31
1613611,1613611-2,F,A,C,0.0,0.0,Warm Climate,N,nan,18.0,nan,,,,31
1613611,1613611-2,F,A,C,20.0,5.5,Warm Climate,N,nan,18.0,nan,,,,31
1613611,1613611-2,F,A,C,22.0,3.2,Warm Climate,N,nan,16.0,nan,,,,21
1613611,1613611-2,F,A,C,24.0,0.0,Warm Climate,N,nan,16.0,nan,,,,21
1613611,1613611-2,F,A,C,26.0,0.0,Warm Climate,N,nan,16.0,nan,,,,21
1613616,1613616-1,B,A,A,0.0,0.0,Warm Climate,N,nan,16.0,nan,2.01,,,21
1613616,1613616-1,B,A,A,20.0,10.3,Warm Climate,N,nan,16.0,nan,3.55,,,21
1613616,1613616-1,B,A,A,22.0,11.0,Warm Climate,N,nan,16.0,nan,3.64,,,21
1613616,1613616-1,B,A,A,26.0,6.9,Warm Climate,N,nan,16.0,nan,,,,21
1613648,1613648-1,E,C,C,0.0,0.0,Cold Climate,Y,nan,16.2,N,1.52,9.05,,14
1613648,1613648-1,E,C,C,4.0,0.0,Cold Climate,Y,nan,16.2,N,1.51,9.59,,14
1613648,1613648-1,E,C,C,7.0,0.0,Cold Climate,Y,nan,16.2,N,1.51,10.0,,14
1613648,1613648-1,E,C,C,10.0,9.5,Cold Climate,Y,nan,16.2,N,1.51,10.41,,14
1613648,1613648-1,E,C,C,13.0,20.2,Cold Climate,Y,nan,16.2,N,1.55,3.62,,14
1613648,1613648-1,E,C,C,16.0,14.9,Cold Climate,Y,nan,16.2,N,1.57,5.9,,14
1613648,1613648-1,E,C,C,19.0,20.5,Cold Climate,Y,nan,16.2,N,1.7,7.81,,14
1613648,1613648-1,E,C,C,21.0,12.3,Cold Climate,Y,nan,16.2,N,1.61,9.02,,14
1613648,1613648-1,E,C,C,24.0,7.0,Cold Climate,Y,nan,16.2,N,1.52,10.41,,14
1613648,1613648-1,E,C,C,26.0,16.3,Cold Climate,Y,nan,16.2,N,,,,14
1613704,1613704-1,E,C,C,0.0,0.0,nan,nan,nan,16.0,nan,1.72,17.01,0.11,14
1613704,1613704-1,E,C,C,2.0,2.6,nan,nan,nan,16.0,nan,1.78,15.07,0.13,14
1613704,1613704-1,E,C,C,4.0,5.6,nan,nan,nan,16.0,nan,1.84,13.13,0.16,14
1613704,1613704-1,E,C,C,6.0,12.5,nan,nan,nan,16.0,nan,1.91,11.19,0.19,14
1613704,1613704-1,E,C,C,8.0,4.9,nan,nan,nan,16.0,nan,1.97,9.25,0.22,14
1613704,1613704-1,E,C,C,10.0,22.9,nan,nan,nan,16.0,nan,2.12,11.78,,14
1613704,1613704-1,E,C,C,12.0,15.8,nan,nan,nan,16.0,nan,2.08,13.98,,14
1613716,1613716-1,E,C,C,0.0,0.0,Warm Climate,Y,N,16.3,N,1.59,4.49,,14
1613716,1613716-1,E,C,C,10.0,4.9,Warm Climate,Y,N,16.3,N,1.72,9.1,0.34,14
1613716,1613716-1,E,C,C,12.0,24.2,Warm Climate,Y,N,16.3,N,1.68,8.79,0.13,14
1613716,1613716-1,E,C,C,14.0,33.0,Warm Climate,Y,N,16.3,N,1.78,8.64,0.12,14
1613782,1613782-1,B,A,A,0.0,0.0,nan,nan,nan,16.0,nan,2.38,,,21
1613782,1613782-1,B,A,A,12.0,0.0,nan,nan,nan,16.0,nan,2.73,,,21
1613782,1613782-1,B,A,A,20.0,7.7,nan,nan,nan,16.0,nan,2.87,,,21
1613782,1613782-1,B,A,A,22.0,8.3,nan,nan,nan,16.0,nan,2.88,,,21
1613782,1613782-1,B,A,A,24.0,24.3,nan,nan,nan,16.0,nan,3.04,,,21
1613782,1613782-1,B,A,A,26.0,11.0,nan,nan,nan,16.0,nan,2.94,,,21
1613782,1613782-1,B,A,A,28.0,14.2,nan,nan,nan,16.0,nan,3.17,,,21
1613793,1613793-1,B,A,A,0.0,0.0,nan,nan,nan,16.0,nan,1.35,,,21
1613793,1613793-1,B,A,A,12.0,0.0,nan,nan,nan,16.0,nan,2.39,,,21
1613793,1613793-1,B,A,A,20.0,13.7,nan,nan,nan,16.0,nan,2.34,,,21
1613793,1613793-1,B,A,A,22.0,6.4,nan,nan,nan,16.0,nan,3.11,,,21
1613793,1613793-1,B,A,A,24.0,2.6,nan,nan,nan,16.0,nan,2.11,,,21
1613793,1613793-1,B,A,A,26.0,8.1,nan,nan,nan,16.0,nan,2.28,,,21
1613793,1613793-1,B,A,A,28.0,1.3,nan,nan,nan,16.0,nan,2.37,,,21
1613878,1613878-1,F,A,C,0.0,0.0,nan,Y,nan,16.0,nan,2.16,6.01,,21
1613878,1613878-1,F,A,C,2.0,0.0,nan,Y,nan,16.0,nan,2.29,2.3,,21
1613878,1613878-1,F,A,C,8.0,0.0,nan,Y,nan,16.0,nan,2.22,3.66,,21
1613878,1613878-1,F,A,C,12.0,0.0,nan,Y,nan,16.0,nan,2.33,3.65,,21
1613878,1613878-1,F,A,C,16.0,0.1,nan,Y,nan,16.0,nan,2.16,4.92,,21
1613878,1613878-1,F,A,C,18.0,0.0,nan,Y,nan,16.0,nan,2.2,10.08,,21
1613878,1613878-1,F,A,C,20.0,0.0,nan,Y,nan,16.0,nan,2.25,5.39,,21
1613878,1613878-1,F,A,C,22.0,3.4,nan,Y,nan,16.0,nan,2.4,7.88,,21
1613878,1613878-1,F,A,C,24.0,1.6,nan,Y,nan,16.0,nan,2.34,4.45,,21
1613878,1613878-1,F,A,C,26.0,7.4,nan,Y,nan,16.0,nan,2.38,21.33,,21
1613998,1613998-1,G,A,A,0.0,0.0,nan,Y,nan,16.0,nan,0.53,,,21
1613998,1613998-1,G,A,A,5.0,21.9,nan,Y,nan,16.0,nan,0.66,,,21
1613998,1613998-1,G,A,A,8.0,14.3,nan,Y,nan,16.0,nan,0.78,7.71,,21
1613998,1613998-1,G,A,A,9.0,19.8,nan,Y,nan,16.0,nan,0.79,9.01,,21
1613998,1613998-1,G,A,A,10.0,11.2,nan,Y,nan,16.0,nan,0.74,4.45,,21
1613998,1613998-1,G,A,A,11.0,23.9,nan,Y,nan,16.0,nan,0.79,8.56,,21
1613998,1613998-1,G,A,A,13.0,32.2,nan,Y,nan,16.0,nan,0.73,8.88,,21
1614028,1614028-1,C,A,B,0.0,0.0,nan,N,nan,16.0,nan,,,,21
1614028,1614028-1,C,A,B,16.0,10.3,nan,N,nan,16.0,nan,1.62,,,21
1614028,1614028-1,C,A,B,18.0,27.6,nan,N,nan,16.0,nan,1.78,,,21
1614028,1614028-1,C,A,B,20.0,21.2,nan,N,nan,16.0,nan,1.64,,,21
1614242,1614242-1,H,A,C,0.0,0.0,Warm Climate,N,nan,18.0,Y,,,,31
1614242,1614242-1,H,A,C,8.0,12.1,Warm Climate,N,nan,18.0,Y,,,,31
1614242,1614242-1,H,A,C,12.0,9.5,Warm Climate,N,nan,18.0,Y,,,,31
1614242,1614242-1,H,A,C,16.0,25.1,Warm Climate,N,nan,18.0,Y,,,,31
1614242,1614242-1,H,A,C,19.0,10.8,Warm Climate,N,nan,18.0,Y,,,,31
1614242,1614242-1,H,A,C,22.0,31.2,Warm Climate,N,nan,18.0,Y,,,,31
1614242,1614242-1,H,A,C,26.0,21.6,Warm Climate,N,nan,18.0,Y,,,,31
1614242,1614242-1,H,A,C,28.0,14.7,Warm Climate,N,nan,18.0,Y,,,,31
1614242,1614242-1,H,A,C,32.0,17.6,Warm Climate,N,nan,18.0,Y,,,,31
1614242,1614242-1,H,A,C,36.0,19.4,Warm Climate,N,nan,18.0,Y,,,,31
1614242,1614242-1,H,A,C,38.0,17.6,Warm Climate,N,nan,18.0,Y,,,,31
1614242,1614242-1,H,A,C,42.0,10.5,Warm Climate,N,nan,18.0,Y,,,,31
1614242,1614242-1,H,A,C,46.0,26.4,Warm Climate,N,nan,18.0,Y,,,,31
1614242,1614242-1,H,A,C,48.0,18.3,Warm Climate,N,nan,18.0,Y,,,,31
1614242,1614242-1,H,A,C,52.0,19.2,Warm Climate,N,nan,18.0,Y,,,,31
1614242,1614242-2,H,A,C,0.0,0.0,Warm Climate,N,nan,18.0,Y,2.33,19.47,0.12,31
1614242,1614242-2,H,A,C,8.0,6.6,Warm Climate,N,nan,18.0,Y,2.01,20.71,1.0,31
1614242,1614242-2,H,A,C,12.0,20.0,Warm Climate,N,nan,18.0,Y,2.38,20.67,1.0,31
1614242,1614242-2,H,A,C,16.0,18.6,Warm Climate,N,nan,18.0,Y,2.06,17.23,1.0,31
1614242,1614242-2,H,A,C,19.0,30.3,Warm Climate,N,nan,18.0,Y,1.9,20.48,1.0,31
1614242,1614242-2,H,A,C,22.0,32.0,Warm Climate,N,nan,18.0,Y,2.0,20.74,1.0,31
1614242,1614242-2,H,A,C,26.0,32.8,Warm Climate,N,nan,18.0,Y,,,,31
1614242,1614242-2,H,A,C,28.0,25.9,Warm Climate,N,nan,18.0,Y,,,,31
1614242,1614242-2,H,A,C,32.0,0.0,Warm Climate,N,nan,18.0,Y,,,,31
1614242,1614242-2,H,A,C,36.0,6.6,Warm Climate,N,nan,18.0,Y,,,,31
1614242,1614242-2,H,A,C,38.0,22.7,Warm Climate,N,nan,18.0,Y,,,,31
1614242,1614242-2,H,A,C,42.0,18.3,Warm Climate,N,nan,18.0,Y,,,,31
1614242,1614242-2,H,A,C,46.0,17.9,Warm Climate,N,nan,18.0,Y,,,,31
1614242,1614242-2,H,A,C,48.0,11.6,Warm Climate,N,nan,18.0,Y,,,,31
1614242,1614242-2,H,A,C,52.0,31.2,Warm Climate,N,nan,18.0,Y,,,,31
1614359,1614359-1-Southern,A,D,A,0.0,0.0,Warm Climate,nan,nan,16.0,nan,,,,33
1614359,1614359-1-Southern,A,D,A,6.0,0.0,Warm Climate,nan,nan,16.0,nan,,,,33
1614359,1614359-1-Southern,A,D,A,9.0,0.0,Warm Climate,nan,nan,16.0,nan,,,,33
1614359,1614359-1-Southern,A,D,A,13.0,0.0,Warm Climate,nan,nan,16.0,nan,,,,33
1614359,1614359-1-Southern,A,D,A,16.0,0.0,Warm Climate,nan,nan,16.0,nan,,,,33
1614359,1614359-1-Southern,A,D,A,19.0,13.1,Warm Climate,nan,nan,16.0,nan,,,,33
1614359,1614359-1-Southern,A,D,A,22.0,15.5,Warm Climate,nan,nan,16.0,nan,,,,33
1614359,1614359-1-Southern,A,D,A,25.0,2.2,Warm Climate,nan,nan,16.0,nan,,,,33
1614359,1614359-1-Southern,A,D,A,28.0,14.5,Warm Climate,nan,nan,16.0,nan,,,,33
1614359,1614359-1-Southern,A,D,A,31.0,20.4,Warm Climate,nan,nan,16.0,nan,,,,33
1614359,1614359-1-Southern,A,D,A,34.0,21.4,Warm Climate,nan,nan,16.0,nan,,,,33
1614359,1614359-1-Northern,A,D,A,0.0,0.0,Cold Climate,nan,nan,16.0,nan,,,,44
1614359,1614359-1-Northern,A,D,A,37.0,15.8,Cold Climate,nan,nan,16.0,nan,,,,44
1614359,1614359-1-Northern,A,D,A,40.0,15.8,Cold Climate,nan,nan,16.0,nan,,,,44
1614359,1614359-1-Northern,A,D,A,42.0,19.0,Cold Climate,nan,nan,16.0,nan,,,,44
1614359,1614359-1-Northern,A,D,A,46.0,24.2,Cold Climate,nan,nan,16.0,nan,,,,44
1614359,1614359-1-Northern,A,D,A,49.0,25.1,Cold Climate,nan,nan,16.0,nan,,,,44
1614359,1614359-1-Northern,A,D,A,52.0,23.9,Cold Climate,nan,nan,16.0,nan,,,,44
1614359,1614359-2-Southern,A,D,A,0.0,0.0,Warm Climate,nan,nan,16.0,nan,,,,33
1614359,1614359-2-Southern,A,D,A,6.0,5.4,Warm Climate,nan,nan,16.0,nan,,,,33
1614359,1614359-2-Southern,A,D,A,9.0,8.1,Warm Climate,nan,nan,16.0,nan,,,,33
1614359,1614359-2-Southern,A,D,A,13.0,8.8,Warm Climate,nan,nan,16.0,nan,,,,33
1614359,1614359-2-Southern,A,D,A,16.0,0.9,Warm Climate,nan,nan,16.0,nan,,,,33
1614359,1614359-2-Southern,A,D,A,19.0,0.3,Warm Climate,nan,nan,16.0,nan,,,,33
1614359,1614359-2-Southern,A,D,A,22.0,0.0,Warm Climate,nan,nan,16.0,nan,,,,33
1614359,1614359-2-Southern,A,D,A,25.0,0.0,Warm Climate,nan,nan,16.0,nan,,,,33
1614359,1614359-2-Southern,A,D,A,28.0,1.7,Warm Climate,nan,nan,16.0,nan,,,,33
1614359,1614359-2-Southern,A,D,A,31.0,12.9,Warm Climate,nan,nan,16.0,nan,,,,33
1614359,1614359-2-Southern,A,D,A,34.0,25.3,Warm Climate,nan,nan,16.0,nan,,,,33
1614359,1614359-2-Southern,A,D,A,37.0,26.5,Warm Climate,nan,nan,16.0,nan,,,,33
1614359,1614359-2-Northern,A,D,A,0.0,0.0,Cold Climate,nan,nan,16.0,nan,,,,44
1614359,1614359-2-Northern,A,D,A,40.0,19.7,Cold Climate,nan,nan,16.0,nan,,,,44
1614359,1614359-2-Northern,A,D,A,42.0,19.7,Cold Climate,nan,nan,16.0,nan,,,,44
1614359,1614359-2-Northern,A,D,A,46.0,19.8,Cold Climate,nan,nan,16.0,nan,,,,44
1614359,1614359-2-Northern,A,D,A,49.0,24.2,Cold Climate,nan,nan,16.0,nan,,,,44
1614359,1614359-2-Northern,A,D,A,52.0,16.7,Cold Climate,nan,nan,16.0,nan,,,,44
1614359,1614359-3-Southern,A,D,A,0.0,0.0,Warm Climate,nan,nan,16.0,nan,,,,33
1614359,1614359-3-Southern,A,D,A,6.0,0.0,Warm Climate,nan,nan,16.0,nan,,,,33
1614359,1614359-3-Southern,A,D,A,9.0,7.6,Warm Climate,nan,nan,16.0,nan,,,,33
1614359,1614359-3-Southern,A,D,A,13.0,11.8,Warm Climate,nan,nan,16.0,nan,,,,33
1614359,1614359-3-Southern,A,D,A,16.0,10.9,Warm Climate,nan,nan,16.0,nan,,,,33
1614359,1614359-3-Southern,A,D,A,19.0,0.0,Warm Climate,nan,nan,16.0,nan,,,,33
1614359,1614359-3-Southern,A,D,A,22.0,5.1,Warm Climate,nan,nan,16.0,nan,,,,33
1614359,1614359-3-Southern,A,D,A,25.0,0.0,Warm Climate,nan,nan,16.0,nan,,,,33
1614359,1614359-3-Southern,A,D,A,28.0,0.0,Warm Climate,nan,nan,16.0,nan,,,,33
1614359,1614359-3-Southern,A,D,A,31.0,34.8,Warm Climate,nan,nan,16.0,nan,,,,33
1614359,1614359-3-Southern,A,D,A,34.0,32.9,Warm Climate,nan,nan,16.0,nan,,,,33
1614359,1614359-3-Northern,A,D,A,0.0,0.0,Cold Climate,nan,nan,16.0,nan,,,,44
1614359,1614359-3-Northern,A,D,A,37.0,19.4,Cold Climate,nan,nan,16.0,nan,,,,44
1614359,1614359-3-Northern,A,D,A,40.0,17.9,Cold Climate,nan,nan,16.0,nan,,,,44
1614359,1614359-3-Northern,A,D,A,42.0,15.3,Cold Climate,nan,nan,16.0,nan,,,,44
1614359,1614359-3-Northern,A,D,A,46.0,20.7,Cold Climate,nan,nan,16.0,nan,,,,44
1614359,1614359-3-Northern,A,D,A,49.0,6.6,Cold Climate,nan,nan,16.0,nan,,,,44
1614359,1614359-3-Northern,A,D,A,52.0,16.7,Cold Climate,nan,nan,16.0,nan,,,,44
1614373,1614373-1,F,F,C,0.0,0.0,Warm Climate,N,N,9.0,Y,1.44,,,14
1614373,1614373-1,F,F,C,2.0,4.0,Warm Climate,N,N,9.0,Y,1.4,,,14
1614373,1614373-1,F,F,C,4.0,0.8,Warm Climate,N,N,9.0,Y,1.36,,0.1,14
1614373,1614373-1,F,F,C,8.0,1.0,Warm Climate,N,N,9.0,Y,1.63,,0.1,14
1614373,1614373-1,F,F,C,12.0,18.0,Warm Climate,N,N,9.0,Y,1.96,,0.1,14
1614373,1614373-1,F,F,C,16.0,23.0,Warm Climate,N,N,9.0,Y,2.35,,0.13,14
1614373,1614373-1,F,F,C,20.0,21.5,Warm Climate,N,N,9.0,Y,2.4,,0.18,14
1614373,1614373-1,F,F,C,26.0,18.8,Warm Climate,N,N,9.0,Y,,,,14
1614480,1614480-1,E,C,C,0.0,0.0,Warm Climate,nan,nan,16.0,Y,,,,14
1614480,1614480-1,E,C,C,4.0,8.1,Warm Climate,nan,nan,16.0,Y,,,,14
1614480,1614480-1,E,C,C,8.0,7.1,Warm Climate,nan,nan,16.0,Y,,,,14
1614480,1614480-1,E,C,C,12.0,11.0,Warm Climate,nan,nan,16.0,Y,,,,14
1614480,1614480-1,E,C,C,16.0,21.7,Warm Climate,nan,nan,16.0,Y,,,,14
1614480,1614480-1,E,C,C,20.0,11.2,Warm Climate,nan,nan,16.0,Y,,,,14
1614480,1614480-1,E,C,C,24.0,13.3,Warm Climate,nan,nan,16.0,Y,,,,14
1614480,1614480-2,E,C,C,0.0,0.0,Warm Climate,nan,nan,16.0,Y,,,,14
1614480,1614480-2,E,C,C,4.0,15.6,Warm Climate,nan,nan,16.0,Y,,,,14
1614480,1614480-2,E,C,C,8.0,9.4,Warm Climate,nan,nan,16.0,Y,,,,14
1614480,1614480-2,E,C,C,12.0,25.6,Warm Climate,nan,nan,16.0,Y,,,,14
1614480,1614480-2,E,C,C,16.0,22.1,Warm Climate,nan,nan,16.0,Y,,,,14
1614480,1614480-2,E,C,C,20.0,1.7,Warm Climate,nan,nan,16.0,Y,,,,14
1614480,1614480-2,E,C,C,24.0,25.9,Warm Climate,nan,nan,16.0,Y,,,,14
1714526,1714526-1,F,A,C,0.0,0.0,Warm Climate,N,N,9.0,Y,,,,21
1714526,1714526-1,F,A,C,4.0,19.4,Warm Climate,N,N,9.0,Y,1.43,,0.21,21
1714526,1714526-1,F,A,C,8.0,8.8,Warm Climate,N,N,9.0,Y,1.52,,0.27,21
1714526,1714526-1,F,A,C,12.0,0.0,Warm Climate,N,N,9.0,Y,1.47,,0.34,21
1714648,1714648-1,H,A,C,0.0,0.0,Warm Climate,Y,N,9.0,Y,1.19,4.94,0.24,21
1714648,1714648-1,H,A,C,4.0,5.8,Warm Climate,Y,N,9.0,Y,1.18,4.28,0.25,21
1714648,1714648-1,H,A,C,8.0,6.3,Warm Climate,Y,N,9.0,Y,1.33,8.85,0.47,21
1714648,1714648-1,H,A,C,12.0,12.6,Warm Climate,Y,N,9.0,Y,1.29,7.69,0.41,21
1714648,1714648-1,H,A,C,16.0,15.1,Warm Climate,Y,N,9.0,Y,1.49,11.72,0.84,21
1714648,1714648-1,H,A,C,20.0,8.0,Warm Climate,Y,N,9.0,Y,1.45,10.81,0.62,21
1714648,1714648-1,H,A,C,26.0,3.4,Warm Climate,Y,N,9.0,Y,1.66,11.92,0.99,21
1714706,1714706-1,A,D,A,0.0,0.0,Warm Climate,N,nan,16.0,nan,1.65,,,33
1714706,1714706-1,A,D,A,2.0,0.0,Warm Climate,N,nan,16.0,nan,1.65,,,33
1714706,1714706-1,A,D,A,10.0,0.0,Warm Climate,N,nan,16.0,nan,1.62,,,33
1714706,1714706-1,A,D,A,12.0,0.0,Warm Climate,N,nan,16.0,nan,1.74,,,33
1714706,1714706-1,A,D,A,14.0,1.6,Warm Climate,N,nan,16.0,nan,1.75,,,33
1714706,1714706-1,A,D,A,18.0,0.0,Warm Climate,N,nan,16.0,nan,1.71,,,33
1714706,1714706-1,A,D,A,22.0,2.7,Warm Climate,N,nan,16.0,nan,1.78,,,33
1714706,1714706-1,A,D,A,26.0,0.0,Warm Climate,N,nan,16.0,nan,1.76,,,33
1714863,1714863-1,E,C,C,0.0,0.0,nan,nan,nan,16.0,nan,,,,14
1714863,1714863-1,E,C,C,14.0,15.9,nan,nan,nan,16.0,nan,,,,14
1714863,1714863-1,E,C,C,20.0,12.4,nan,nan,nan,16.0,nan,,,,14
1714863,1714863-1,E,C,C,26.0,14.9,nan,nan,nan,16.0,nan,,,,14
1715394,1715394-1,F,nan,C,0.0,0.0,nan,nan,nan,16.0,nan,,,,14
1715394,1715394-1,F,nan,C,4.0,6.7,nan,nan,nan,16.0,nan,,,,14
1715394,1715394-1,F,nan,C,12.0,0.0,nan,nan,nan,16.0,nan,,,,14
1715394,1715394-1,F,nan,C,16.0,1.3,nan,nan,nan,16.0,nan,,,,14
1715394,1715394-1,F,nan,C,20.0,0.0,nan,nan,nan,16.0,nan,,,,14
1715434,1715434-1,D,nan,C,0.0,0.0,Warm Climate,Y,nan,16.0,nan,1.93,16.06,,22
1715434,1715434-1,D,nan,C,18.0,11.0,Warm Climate,Y,nan,16.0,nan,,,,22
1715434,1715434-1,D,nan,C,22.0,4.0,Warm Climate,Y,nan,16.0,nan,,,,22
1715434,1715434-1,D,nan,C,24.0,9.0,Warm Climate,Y,nan,16.0,nan,,,,22
1715434,1715434-1,D,nan,C,26.0,5.0,Warm Climate,Y,nan,16.0,nan,,,,22
1815739,1815739-1,E,C,C,0.0,0.0,Warm Climate,Y,nan,20.0,N,2.19,6.37,0.25,14
1815739,1815739-1,E,C,C,8.0,11.6,Warm Climate,Y,nan,20.0,N,2.33,2.56,0.32,14
1815739,1815739-1,E,C,C,10.0,9.7,Warm Climate,Y,nan,20.0,N,2.46,14.82,0.56,14
1815739,1815739-1,E,C,C,12.0,19.6,Warm Climate,Y,nan,20.0,N,2.38,9.02,0.36,14
1815739,1815739-1,E,C,C,14.0,0.0,Warm Climate,Y,nan,20.0,N,2.28,13.18,0.39,14
1815739,1815739-1,E,C,C,16.0,6.9,Warm Climate,Y,nan,20.0,N,2.34,4.04,0.38,14
1815739,1815739-1,E,C,C,18.0,16.7,Warm Climate,Y,nan,20.0,N,2.3,4.99,0.41,14
1815739,1815739-1,E,C,C,22.0,19.0,Warm Climate,Y,nan,20.0,N,2.47,5.55,0.44,14
1815739,1815739-1,E,C,C,24.0,27.0,Warm Climate,Y,nan,20.0,N,2.37,4.86,0.46,14
1815739,1815739-1,E,C,C,26.0,29.0,Warm Climate,Y,nan,20.0,N,2.47,4.83,0.47,14
1815741,1815741-1,E,C,C,0.0,0.0,Warm Climate,Y,nan,20.0,N,2.24,3.23,0.17,14
1815741,1815741-1,E,C,C,8.0,8.5,Warm Climate,Y,nan,20.0,N,2.34,2.59,0.17,14
1815741,1815741-1,E,C,C,10.0,2.5,Warm Climate,Y,nan,20.0,N,2.27,3.76,0.16,14
1815741,1815741-1,E,C,C,12.0,8.6,Warm Climate,Y,nan,20.0,N,2.31,6.28,0.18,14
1815741,1815741-1,E,C,C,14.0,9.7,Warm Climate,Y,nan,20.0,N,2.38,3.56,0.21,14
1815741,1815741-1,E,C,C,16.0,5.8,Warm Climate,Y,nan,20.0,N,2.46,9.42,0.21,14
1815741,1815741-1,E,C,C,18.0,5.3,Warm Climate,Y,nan,20.0,N,2.5,3.67,0.23,14
1815741,1815741-1,E,C,C,22.0,19.0,Warm Climate,Y,nan,20.0,N,2.76,4.77,0.28,14
1815741,1815741-1,E,C,C,24.0,25.0,Warm Climate,Y,nan,20.0,N,2.77,5.37,0.29,14
1815741,1815741-1,E,C,C,26.0,19.0,Warm Climate,Y,nan,20.0,N,2.71,5.49,0.3,14
1815742,1815742-1,E,C,C,0.0,0.0,Warm Climate,Y,nan,20.0,N,2.73,1.95,0.29,14
1815742,1815742-1,E,C,C,8.0,9.6,Warm Climate,Y,nan,20.0,N,2.73,2.33,0.45,14
1815742,1815742-1,E,C,C,10.0,2.4,Warm Climate,Y,nan,20.0,N,2.78,1.98,0.34,14
1815742,1815742-1,E,C,C,12.0,3.3,Warm Climate,Y,nan,20.0,N,2.81,3.68,0.41,14
1815742,1815742-1,E,C,C,14.0,11.4,Warm Climate,Y,nan,20.0,N,2.83,5.37,0.49,14
1815742,1815742-1,E,C,C,16.0,0.0,Warm Climate,Y,nan,20.0,N,3.02,4.45,0.5,14
1815742,1815742-1,E,C,C,18.0,0.0,Warm Climate,Y,nan,20.0,N,3.05,7.88,0.41,14
1815742,1815742-1,E,C,C,22.0,17.0,Warm Climate,Y,nan,20.0,N,3.02,5.41,0.63,14
1815742,1815742-1,E,C,C,24.0,16.0,Warm Climate,Y,nan,20.0,N,3.16,4.88,0.6,14
1815742,1815742-1,E,C,C,26.0,10.0,Warm Climate,Y,nan,20.0,N,3.19,4.7,0.58,14
