Country,Continent,Average2000_2011,1979,1980,1981,1982,1983,1984,1985,1986,1987,1990,1991,1992,1993,1994,1995,1996,1997,1998,1999,2000,2001,2002,2003,2004,2005,2006,2007,2008,2009,2010,2011
Swaziland,AFRICA,25.58,,,,0.01097002,,,,,,2.3,3.2,4.4,6.1,8.1,10.6,13.3,16.0,18.5,20.6,22.3,23.6,24.5,25.1,25.5,25.6,25.7,25.8,25.9,25.8,25.9,26.0
Botswana,AFRICA,25.02,0.105976053,,,,,,,,,3.5,5.1,7.3,10.1,13.3,16.6,19.7,22.2,24.1,25.3,26.0,26.3,26.3,26.1,25.8,25.5,25.3,25.1,24.9,24.1,23.7,23.4
Lesotho,AFRICA,23.59,,,,,,0.011079346,,,,0.8,1.7,3.3,5.9,9.8,14.3,18.5,21.6,23.4,24.2,24.5,24.5,24.3,24.1,23.8,23.6,23.5,23.5,23.6,23.0,23.2,23.3
South Africa,AFRICA,17.77,,,0.014208588999999999,,,,,,,0.7,1.2,1.8,2.9,4.3,6.1,8.4,10.7,12.9,14.8,16.1,17.1,17.7,18.0,18.1,18.1,18.1,18.0,17.9,17.2,17.3,17.3
Zimbabwe,AFRICA,17.6,0.01,,,,,,,,,10.1,13.6,17.2,20.6,23.3,25.1,26.2,26.5,26.3,25.7,24.8,23.7,22.5,21.1,19.8,18.4,17.2,16.1,15.1,15.7,15.2,14.9
Namibia,AFRICA,14.86,0.016749108000000002,,,,,,,,,1.6,2.2,3.0,4.1,5.5,7.1,8.9,10.7,12.5,14.1,15.3,16.1,16.5,16.5,16.2,15.7,15.0,14.3,13.7,13.7,13.6,13.4
Zambia,AFRICA,13.54,0.01,,,,,,,,,12.7,13.6,14.2,14.6,14.9,15.0,14.9,14.8,14.7,14.6,14.4,14.3,14.2,14.1,14.0,13.9,13.8,13.7,13.6,12.9,12.7,12.5
Malawi,AFRICA,11.67,,0.015321148,,,,,,,,7.2,8.8,10.5,11.9,13.1,13.9,14.5,14.7,14.7,14.5,14.2,13.8,13.4,13.0,12.5,12.1,11.8,11.4,11.2,10.9,10.4,10.0
Mozambique,AFRICA,11.09,0.075681075,,,,,,,,,1.2,1.6,2.1,2.7,3.4,4.1,4.9,5.8,6.7,7.7,8.6,9.4,10.1,10.6,11.0,11.2,11.3,11.4,11.4,11.3,11.3,11.3
Kenya,AFRICA,6.72,0.07,,,,,,,,,3.9,5.4,7.0,8.4,9.6,10.3,10.5,10.5,10.1,9.6,9.0,8.4,7.9,7.5,7.1,6.8,6.6,6.4,6.3,6.2,6.2,6.2
Uganda,AFRICA,6.63,0.01,,,,,,,,,10.2,10.7,10.5,10.2,9.8,9.3,8.8,8.4,8.0,7.6,7.3,7.0,6.8,6.6,6.4,6.4,6.3,6.3,6.4,6.9,7.0,7.2
Central African Republic,AFRICA,6.13,0.11303477699999999,,,,,,,,,3.1,4.6,6.3,7.9,9.0,9.7,10.1,10.1,10.0,9.8,9.4,8.9,8.4,7.8,7.2,6.6,6.1,5.5,5.1,5.1,4.9,4.6
Tanzania,AFRICA,6.11,0.01,,,,,,,,,4.8,5.7,6.5,7.1,7.6,7.8,7.9,7.9,7.7,7.5,7.3,7.1,6.8,6.6,6.4,6.2,6.0,5.9,5.8,5.8,5.8,5.8
Gabon,AFRICA,5.29,0.042124435999999994,,,,,,,,,0.9,1.2,1.6,2.0,2.6,3.1,3.7,4.2,4.6,4.9,5.2,5.3,5.4,5.4,5.4,5.4,5.4,5.3,5.3,5.2,5.1,5.0
Cameroon,AFRICA,5.2,,0.012524627,,,,,,,,0.6,1.0,1.6,2.5,3.4,4.2,4.8,5.1,5.3,5.4,5.5,5.5,5.5,5.5,5.4,5.4,5.4,5.4,5.3,4.8,4.7,4.6
Cote d'Ivoire,AFRICA,4.37,0.123178372,,,,,,,,,2.4,3.3,4.4,5.5,6.4,7.1,7.4,7.5,7.4,7.2,6.9,6.5,6.1,5.7,5.3,4.8,4.4,4.1,3.7,3.4,3.2,3.0
Equatorial Guinea,AFRICA,3.82,0.082364934,,,,,,,,,0.1,0.2,0.2,0.3,0.3,0.4,0.6,0.7,0.9,1.2,1.5,1.9,2.3,2.7,3.2,3.6,4.0,4.4,4.7,4.2,4.4,4.7
Nigeria,AFRICA,3.67,0.037979687000000005,,,,,,,,,1.3,2.2,3.1,3.6,3.8,4.0,4.0,4.0,4.0,4.0,3.9,3.8,3.8,3.7,3.7,3.7,3.6,3.6,3.6,3.6,3.7,3.7
"Congo, Rep.",AFRICA,3.53,0.01,,,,,,,,,5.2,5.2,5.0,4.8,4.6,4.4,4.3,4.1,4.0,3.9,3.9,3.8,3.8,3.7,3.7,3.6,3.6,3.5,3.5,3.3,3.3,3.3
Togo,AFRICA,3.43,0.009898522,,,,,,,,,0.6,0.8,1.2,1.6,2.0,2.5,2.9,3.1,3.4,3.5,3.6,3.6,3.6,3.5,3.5,3.4,3.3,3.3,3.2,3.6,3.5,3.4
Chad,AFRICA,3.35,0.039876697999999995,,,,,,,,,1.1,1.3,1.5,1.7,1.9,2.1,2.3,2.5,2.7,2.9,3.0,3.2,3.3,3.4,3.4,3.5,3.5,3.5,3.4,3.2,3.2,3.1
Burundi,AFRICA,3.26,0.015913875,,,,,,,,,3.9,4.5,5.1,5.5,5.8,5.9,5.9,5.8,5.7,5.4,5.2,5.0,4.7,4.5,4.2,4.0,3.8,3.6,3.5,1.6,1.4,1.3
South Sudan,AFRICA,3.1,,,,,,,,,,,,,,,,,,,,,,,,,,,,,,,3.1
Rwanda,AFRICA,3.1,0.01,,,,,,,,,5.2,5.2,5.1,5.0,4.9,4.7,4.5,4.3,4.2,4.0,3.8,3.7,3.6,3.4,3.2,3.1,3.0,2.9,2.9,3.0,3.0,2.9
Guinea-Bissau,AFRICA,2.37,,,0.009823591,,,,,,,0.3,0.3,0.4,0.6,0.7,0.9,1.0,1.2,1.4,1.6,1.8,2.0,2.1,2.3,2.3,2.4,2.4,2.5,2.5,2.3,2.4,2.5
Djibouti,AFRICA,2.34,,,,,0.012392677,,,,,0.9,1.1,1.4,1.7,2.0,2.3,2.5,2.7,2.8,2.9,2.9,2.9,2.9,2.8,2.7,2.7,2.6,2.6,2.6,1.6,1.5,1.4
Angola,AFRICA,1.97,0.026527865,,,,,,,,,0.5,0.8,1.0,1.2,1.4,1.6,1.7,1.8,1.8,1.9,1.9,1.9,1.9,1.9,1.9,1.9,1.9,1.9,2.0,2.1,2.1,2.1
Liberia,AFRICA,1.88,0.01185026,,,,,,,,,0.3,0.5,1.0,1.7,2.5,3.1,3.4,3.6,3.5,3.4,3.3,3.1,2.8,2.6,2.4,2.2,2.0,1.8,1.6,1.3,1.1,1.0
Ghana,AFRICA,1.86,,,,,,,,,,0.3,0.4,0.7,0.9,1.3,1.7,2.0,2.2,2.3,2.3,2.3,2.3,2.2,2.1,2.1,2.0,1.9,1.9,1.8,1.6,1.5,1.5
Ethiopia,AFRICA,1.5667,,,,,,,,,,,,,,,,,,,,,,,,,,,,,1.7,1.6,1.4
Sierra Leone,AFRICA,1.5,,,,,,,0.011022285,,,0.06,0.06,0.1,0.1,0.1,0.2,0.3,0.4,0.6,0.8,0.9,1.1,1.2,1.3,1.4,1.5,1.6,1.6,1.6,1.6,1.6,1.6
Guinea,AFRICA,1.46,0.015019428999999999,,,,,,,,,1.1,1.3,1.5,1.7,1.8,1.8,1.8,1.8,1.8,1.8,1.7,1.7,1.6,1.6,1.5,1.5,1.4,1.4,1.4,1.4,1.4,1.4
Burkina Faso,AFRICA,1.41,0.01,,,,,,,,,3.9,4.0,3.9,3.8,3.6,3.4,3.2,2.9,2.7,2.5,2.3,2.1,1.9,1.7,1.6,1.5,1.4,1.3,1.2,1.2,1.2,1.1
Benin,AFRICA,1.25,,,,,,0.011875633,,,,0.2,0.4,0.5,0.7,0.9,1.1,1.3,1.4,1.4,1.4,1.4,1.4,1.4,1.3,1.3,1.3,1.2,1.2,1.2,1.2,1.2,1.2
Gambia,AFRICA,1.24,,,,,,,,,,0.1,0.1,0.1,0.2,0.2,0.2,0.3,0.3,0.4,0.4,0.5,0.6,0.7,0.8,1.0,1.1,1.3,1.5,1.7,1.4,1.4,1.5
Mali,AFRICA,1.2,,,,0.012575161999999999,,,,,,0.4,0.6,1.0,1.4,1.7,1.8,1.9,1.9,1.8,1.8,1.7,1.6,1.5,1.4,1.3,1.2,1.1,1.1,1.0,1.2,1.1,1.1
Sao Tome and Principe,AFRICA,1.0,,,,,,,,,,,,,,,,,,,,,,,,,,,,,1.0,1.0,1.0
Cape Verde,AFRICA,1.0,,,,,,,,,,,,,,,,,,,,,,,,,,,,,1.0,1.0,1.0
Eritrea,AFRICA,0.88,,,,,,,0.010873503,,,0.3,0.4,0.6,0.8,0.9,1.1,1.1,1.2,1.2,1.2,1.2,1.2,1.1,1.1,1.0,1.0,0.9,0.9,0.8,0.7,0.7,0.6
Niger,AFRICA,0.87,,,,,0.011430135,,,,,0.1,0.1,0.2,0.3,0.4,0.6,0.7,0.9,0.9,1.0,1.0,1.0,1.0,1.0,0.9,0.9,0.9,0.8,0.8,0.8,0.8,0.8
Mauritania,AFRICA,0.8,,,,,,,,,,0.2,0.2,0.2,0.3,0.3,0.4,0.4,0.5,0.5,0.5,0.6,0.6,0.6,0.7,0.7,0.7,0.7,0.7,0.7,1.0,1.1,1.1
Mauritius,AFRICA,0.76,,,,,,,,,,0.06,0.1,0.1,0.1,0.1,0.1,0.1,0.2,0.2,0.3,0.3,0.4,0.4,0.5,0.6,0.7,0.7,0.8,0.9,1.0,1.0,1.0
Senegal,AFRICA,0.74,,,0.00952155,,,,,,,0.2,0.2,0.2,0.3,0.3,0.4,0.4,0.5,0.5,0.5,0.6,0.6,0.7,0.7,0.7,0.8,0.8,0.8,0.8,0.7,0.7,0.7
Sudan,AFRICA,0.58,0.062390639000000005,,,,,,,,,0.1,0.1,0.1,0.1,0.1,0.2,0.2,0.2,0.3,0.3,0.3,0.4,0.4,0.5,0.6,0.6,0.7,0.8,1.0,0.4,0.4,0.4
Somalia,AFRICA,0.52,,,,,,,,,0.010400419000000001,0.1,0.1,0.1,0.1,0.1,0.1,0.1,0.2,0.2,0.2,0.2,0.3,0.3,0.3,0.4,0.4,0.5,0.6,0.6,0.7,0.7,0.7
Madagascar,AFRICA,0.23,,,,,,,,,,0.2,0.2,0.2,0.2,0.2,0.2,0.2,0.2,0.2,0.2,0.2,0.2,0.2,0.2,0.2,0.2,0.2,0.2,0.2,0.3,0.3,0.3
Morocco,AFRICA,0.11,,,,,,,,,,0.06,0.06,0.06,0.06,0.06,0.06,0.1,0.1,0.1,0.1,0.1,0.1,0.1,0.1,0.1,0.1,0.1,0.1,0.1,0.1,0.1,0.2
Algeria,AFRICA,0.0886,,,,,,,,,,0.06,0.06,0.06,0.06,0.06,0.06,0.06,0.06,0.06,0.06,0.06,0.06,0.06,0.06,0.1,0.1,0.1,0.1,0.1,,,
Comoros,AFRICA,0.072,,,,,,,,,,0.06,0.06,0.06,0.06,0.06,0.06,0.06,0.06,0.06,0.06,0.06,0.06,0.06,0.06,0.06,0.06,0.06,0.06,0.06,0.1,0.1,0.1
Tunisia,AFRICA,0.06,,,,,,,,,,0.06,0.06,0.06,0.06,0.06,0.06,0.06,0.06,0.06,0.06,0.06,0.06,0.06,0.06,0.06,0.06,0.06,0.06,0.06,0.06,0.06,0.06
Egypt,AFRICA,0.06,,,,,,,,,,0.06,0.06,0.06,0.06,0.06,0.06,0.06,0.06,0.06,0.06,0.06,0.06,0.06,0.06,0.06,0.06,0.06,0.06,0.06,0.06,0.06,0.06
Thailand,ASIA,1.39,,,,,,,0.01,,,1.0,1.5,1.8,2.0,2.1,2.1,2.1,2.0,2.0,1.9,1.8,1.7,1.6,1.5,1.5,1.5,1.4,1.4,1.3,1.3,1.2,1.2
Cambodia,ASIA,0.73,,,,,,,0.01,,,0.5,0.8,1.0,1.2,1.3,1.4,1.4,1.4,1.4,1.4,1.3,1.2,1.1,0.9,0.8,0.8,0.7,0.6,0.6,0.6,0.6,0.6
Myanmar,ASIA,0.67,,,,,,,0.01,,,0.2,0.3,0.4,0.4,0.5,0.6,0.6,0.7,0.7,0.7,0.8,0.8,0.7,0.7,0.7,0.7,0.7,0.6,0.6,0.7,0.7,0.6
Malaysia,ASIA,0.44,,,,,,,,,0.010175238,0.1,0.1,0.1,0.2,0.3,0.3,0.3,0.4,0.4,0.4,0.4,0.4,0.4,0.4,0.4,0.5,0.5,0.5,0.5,0.4,0.4,0.4
Nepal,ASIA,0.41,,,,,,,0.01,,,0.2,0.3,0.3,0.3,0.4,0.4,0.4,0.4,0.5,0.5,0.5,0.5,0.5,0.5,0.5,0.4,0.4,0.4,0.4,0.4,0.3,0.3
Vietnam,ASIA,0.4,,,,,,,,,,0.06,0.06,0.06,0.1,0.1,0.1,0.1,0.1,0.2,0.2,0.2,0.3,0.3,0.3,0.4,0.4,0.4,0.4,0.4,0.4,0.5,0.5
India,ASIA,0.3625,,,,,,,,,,0.1,0.1,0.1,0.2,0.2,0.3,0.3,0.3,0.4,0.4,0.4,0.4,0.4,0.4,0.39,0.37,0.37,0.34,0.32,0.31,,
Yemen,ASIA,0.2,,,,,,,,,,,,,,,,,,,,,,,,,,,,,0.2,0.2,0.2
Israel,ASIA,0.19,0.012167647,,,,,,,,,0.06,0.1,0.1,0.1,0.1,0.1,0.1,0.1,0.1,0.1,0.1,0.1,0.1,0.2,0.2,0.2,0.2,0.2,0.2,0.2,0.2,0.2
Iran,ASIA,0.19,,,,,,,,,,0.06,0.06,0.06,0.06,0.06,0.06,0.06,0.1,0.1,0.1,0.1,0.1,0.1,0.2,0.2,0.2,0.2,0.2,0.2,0.2,0.2,0.2
Kyrgyz Republic,ASIA,0.172,,,,,,,,,,0.06,0.06,0.06,0.06,0.06,0.06,0.06,0.06,0.06,0.06,0.06,0.06,0.06,0.06,0.1,0.1,0.1,0.2,0.2,0.2,0.3,0.4
Tajikistan,ASIA,0.17,,,,,,,,,,0.06,0.06,0.06,0.06,0.06,0.1,0.1,0.1,0.1,0.1,0.1,0.1,0.1,0.1,0.1,0.1,0.2,0.2,0.2,0.2,0.2,0.3
Lao,ASIA,0.166,,,,,,,,,,0.06,0.06,0.06,0.06,0.06,0.06,0.06,0.06,0.06,0.06,0.06,0.06,0.06,0.1,0.1,0.1,0.1,0.2,0.2,0.2,0.3,0.3
Bhutan,ASIA,0.156,,,,,,,,,,0.06,0.06,0.06,0.06,0.06,0.06,0.06,0.06,0.06,0.06,0.06,0.06,0.06,0.1,0.1,0.1,0.1,0.1,0.2,0.2,0.3,0.3
Indonesia,ASIA,0.142,,,,,,,,,,0.06,0.06,0.06,0.06,0.06,0.06,0.06,0.06,0.06,0.06,0.06,0.06,0.06,0.06,0.1,0.1,0.1,0.1,0.2,0.2,0.2,0.3
Lebanon,ASIA,0.13,0.012167647,,,,,,,,,0.06,0.06,0.06,0.1,0.1,0.1,0.1,0.1,0.1,0.1,0.2,0.2,0.2,0.2,0.2,0.1,0.1,0.1,0.1,0.1,0.1,0.1
Armenia,ASIA,0.13,,,,,,,,,,0.06,0.06,0.06,0.06,0.06,0.06,0.06,0.06,0.1,0.1,0.1,0.1,0.1,0.1,0.1,0.1,0.1,0.1,0.1,0.2,0.2,0.2
Kazakhstan,ASIA,0.126,,,,,,,,,,0.06,0.06,0.06,0.06,0.06,0.06,0.06,0.06,0.06,0.06,0.06,0.06,0.06,0.1,0.1,0.1,0.1,0.1,0.1,0.2,0.2,0.2
Georgia,ASIA,0.126,,,,,,,,,,0.06,0.06,0.06,0.06,0.06,0.06,0.06,0.06,0.06,0.06,0.06,0.06,0.06,0.1,0.1,0.1,0.1,0.1,0.1,0.2,0.2,0.2
Singapore,ASIA,0.1,,,,,,,,,,0.06,0.06,0.1,0.1,0.1,0.1,0.1,0.1,0.1,0.1,0.1,0.1,0.1,0.1,0.1,0.1,0.1,0.1,0.1,0.1,0.1,0.1
Pakistan,ASIA,0.1,,,,,,,,,,0.06,0.06,0.06,0.06,0.06,0.06,0.06,0.06,0.06,0.06,0.06,0.1,0.1,0.1,0.1,0.1,0.1,0.1,0.1,0.1,0.1,0.1
Azerbaijan,ASIA,0.08,,,,,,,,,,0.06,0.06,0.06,0.06,0.06,0.06,0.06,0.06,0.06,0.06,0.06,0.06,0.06,0.06,0.06,0.06,0.06,0.1,0.1,0.1,0.1,0.1
Uzbekistan,ASIA,0.0771,,,,,,,,,,0.06,0.06,0.06,0.06,0.06,0.06,0.06,0.06,0.06,0.06,0.06,0.06,0.06,0.06,0.06,0.06,0.1,0.1,0.1,,,
Oman,ASIA,0.0714,,,,,,,,,,0.06,0.06,0.06,0.06,0.06,0.06,0.06,0.06,0.06,0.06,0.06,0.06,0.06,0.06,0.06,0.06,0.06,0.1,0.1,,,
Turkey,ASIA,0.06,,,,,,,,,,0.06,0.06,0.06,0.06,0.06,0.06,0.06,0.06,0.06,0.06,0.06,0.06,0.06,0.06,0.06,0.06,0.06,0.06,0.06,0.06,0.06,0.06
Sri Lanka,ASIA,0.06,,,,,,,,,,0.06,0.06,0.06,0.06,0.06,0.06,0.06,0.06,0.06,0.06,0.06,0.06,0.06,0.06,0.06,0.06,0.06,0.06,0.06,0.06,0.06,0.06
South Korea,ASIA,0.06,,,,,,,,,,0.06,0.06,0.06,0.06,0.06,0.06,0.06,0.06,0.06,0.06,0.06,0.06,0.06,0.06,0.06,0.06,0.06,0.06,0.06,0.06,0.06,0.06
Qatar,ASIA,0.06,,,,,,,,,,0.06,0.06,0.06,0.06,0.06,0.06,0.06,0.06,0.06,0.06,0.06,0.06,0.06,0.06,0.06,0.06,0.06,0.06,0.06,,,
Philippines,ASIA,0.06,,,,,,,,,,0.06,0.06,0.06,0.06,0.06,0.06,0.06,0.06,0.06,0.06,0.06,0.06,0.06,0.06,0.06,0.06,0.06,0.06,0.06,0.06,0.06,0.06
Mongolia,ASIA,0.06,,,,,,,,,,0.06,0.06,0.06,0.06,0.06,0.06,0.06,0.06,0.06,0.06,0.06,0.06,0.06,0.06,0.06,0.06,0.06,0.06,0.06,0.06,0.06,0.06
Maldives,ASIA,0.06,,,,,,,,,,0.06,0.06,0.06,0.06,0.06,0.06,0.06,0.06,0.06,0.06,0.06,0.06,0.06,0.06,0.06,0.06,0.06,0.06,0.06,0.06,0.06,0.06
Japan,ASIA,0.06,,,,,,,,,,0.06,0.06,0.06,0.06,0.06,0.06,0.06,0.06,0.06,0.06,0.06,0.06,0.06,0.06,0.06,0.06,0.06,0.06,0.06,0.06,0.06,0.06
China,ASIA,0.06,,,,,,,,,,,,,,,,,,,,,,,,,,,,,,,0.06
Bangladesh,ASIA,0.06,,,,,,,,,,0.06,0.06,0.06,0.06,0.06,0.06,0.06,0.06,0.06,0.06,0.06,0.06,0.06,0.06,0.06,0.06,0.06,0.06,0.06,0.06,0.06,0.06
Afghanistan,ASIA,0.06,,,,,,,,,,,,,,,,,,,,,,,,,,,,,0.06,0.06,0.06
Papua New Guinea,AUSTRALIA,0.75,,,,,,,,,0.010175238,0.06,0.06,0.06,0.1,0.1,0.1,0.1,0.2,0.2,0.3,0.4,0.5,0.6,0.7,0.7,0.8,0.8,0.9,0.9,0.7,0.7,0.7
Australia,AUSTRALIA,0.13,,,,,0.012682938000000001,,,,,0.1,0.1,0.1,0.1,0.1,0.1,0.1,0.1,0.1,0.1,0.1,0.1,0.1,0.1,0.1,0.1,0.1,0.1,0.1,0.2,0.2,0.2
New Zealand,AUSTRALIA,0.1,,,,,,,,0.01137169,,0.1,0.1,0.1,0.06,0.06,0.06,0.1,0.1,0.1,0.1,0.1,0.1,0.1,0.1,0.1,0.1,0.1,0.1,0.1,0.1,0.1,0.1
Fiji,AUSTRALIA,0.088,,,,,,,,,,0.06,0.06,0.06,0.06,0.06,0.06,0.06,0.06,0.06,0.06,0.06,0.06,0.06,0.1,0.1,0.1,0.1,0.1,0.1,0.06,0.06,0.1
Estonia,EUROPE,1.1,,,,,,,,,,0.06,0.06,0.06,0.06,0.1,0.1,0.1,0.2,0.3,0.4,0.5,0.6,0.7,0.9,1.0,1.1,1.1,1.2,1.2,1.2,1.3,1.3
Ukraine,EUROPE,1.01,,,,,,,,,,0.1,0.2,0.2,0.2,0.3,0.3,0.4,0.5,0.7,0.8,0.9,0.9,1.0,1.1,1.1,1.1,1.1,1.1,1.1,0.9,0.8,0.8
Russia,EUROPE,0.8429,,,,,,,,,,0.06,0.06,0.06,0.06,0.06,0.06,0.06,0.06,0.1,0.1,0.3,0.5,0.6,0.8,0.8,0.9,0.9,0.9,1.0,,,
Latvia,EUROPE,0.59,,,,,,,,,,0.06,0.06,0.06,0.1,0.1,0.1,0.1,0.2,0.2,0.2,0.3,0.4,0.4,0.5,0.5,0.6,0.6,0.6,0.6,0.7,0.7,0.7
Portugal,EUROPE,0.56,0.02050798,,,,,,,,,0.1,0.1,0.2,0.2,0.3,0.3,0.3,0.4,0.4,0.4,0.4,0.5,0.5,0.5,0.5,0.5,0.5,0.5,0.5,0.7,0.7,0.7
Moldova,EUROPE,0.43,,,,,,,,,,0.06,0.1,0.1,0.1,0.1,0.1,0.2,0.3,0.3,0.4,0.4,0.4,0.4,0.4,0.4,0.4,0.4,0.4,0.4,0.5,0.5,0.5
Spain,EUROPE,0.4,0.01,,,,,,,,,0.4,0.4,0.4,0.5,0.5,0.5,0.4,0.4,0.4,0.4,0.4,0.4,0.4,0.4,0.4,0.4,0.4,0.4,0.4,0.4,0.4,0.4
France,EUROPE,0.39,,,0.015708255,,,,,,,0.3,0.3,0.3,0.3,0.3,0.3,0.3,0.3,0.3,0.3,0.3,0.3,0.3,0.4,0.4,0.4,0.4,0.4,0.4,0.4,0.4,0.4
Switzerland,EUROPE,0.36,,,,,,,0.054022769000000005,,,0.2,0.2,0.3,0.3,0.3,0.3,0.3,0.3,0.3,0.3,0.3,0.3,0.3,0.3,0.3,0.3,0.4,0.4,0.4,0.4,0.4,0.4
Italy,EUROPE,0.33,0.01,,,,,,,,,0.3,0.3,0.3,0.3,0.3,0.3,0.3,0.3,0.3,0.3,0.3,0.3,0.3,0.3,0.3,0.3,0.3,0.3,0.3,0.4,0.4,0.4
Luxembourg,EUROPE,0.3,0.013690696,,,,,,,,,0.1,0.1,0.1,0.1,0.1,0.2,0.2,0.2,0.2,0.2,0.2,0.3,0.3,0.3,0.3,0.3,0.3,0.3,0.3,0.3,0.3,0.3
Iceland,EUROPE,0.27,0.012373161,,,,,,,,,0.06,0.06,0.1,0.1,0.1,0.1,0.1,0.1,0.2,0.2,0.2,0.2,0.2,0.2,0.2,0.3,0.3,0.3,0.3,0.3,0.3,0.3
Austria,EUROPE,0.26,,,0.010187591,,,,,,,0.06,0.06,0.06,0.06,0.06,0.06,0.06,0.1,0.1,0.1,0.1,0.1,0.1,0.2,0.2,0.2,0.2,0.3,0.3,0.3,0.4,0.4
United Kingdom,EUROPE,0.23,,,,,0.019257422,,,,,0.1,0.1,0.1,0.1,0.1,0.1,0.1,0.1,0.1,0.1,0.1,0.1,0.2,0.2,0.2,0.2,0.2,0.2,0.2,0.3,0.3,0.3
Ireland,EUROPE,0.23,,,,0.015104416,,,,,,0.06,0.06,0.1,0.1,0.1,0.1,0.1,0.1,0.2,0.2,0.2,0.2,0.2,0.2,0.2,0.2,0.2,0.2,0.2,0.3,0.3,0.3
Belgium,EUROPE,0.23,,,,0.014146531,,,,,,0.06,0.1,0.1,0.1,0.1,0.1,0.2,0.2,0.2,0.2,0.2,0.2,0.2,0.2,0.2,0.2,0.2,0.2,0.2,0.3,0.3,0.3
Belarus,EUROPE,0.23,,,,,,,,,,0.06,0.06,0.06,0.06,0.06,0.06,0.06,0.06,0.06,0.1,0.1,0.1,0.1,0.1,0.2,0.2,0.2,0.2,0.2,0.3,0.4,0.4
Netherlands,EUROPE,0.2,,,,0.010807512,,,,,,0.1,0.1,0.1,0.1,0.1,0.2,0.2,0.2,0.2,0.2,0.2,0.2,0.2,0.2,0.2,0.2,0.2,0.2,0.2,0.2,0.2,0.2
Denmark,EUROPE,0.16,,,,0.011698226,,,,,,0.06,0.06,0.06,0.1,0.1,0.1,0.1,0.1,0.1,0.1,0.1,0.1,0.1,0.1,0.1,0.1,0.2,0.2,0.2,0.2,0.2,0.2
Sweden,EUROPE,0.13,,,,,0.019136463,,,,,0.1,0.1,0.1,0.1,0.1,0.1,0.1,0.1,0.1,0.1,0.1,0.1,0.1,0.1,0.1,0.1,0.1,0.1,0.1,0.2,0.2,0.2
Greece,EUROPE,0.13,0.018909064,,,,,,,,,0.1,0.1,0.1,0.1,0.1,0.1,0.1,0.1,0.1,0.1,0.1,0.1,0.1,0.1,0.1,0.1,0.1,0.1,0.1,0.2,0.2,0.2
Serbia,EUROPE,0.1,,,,,,,0.01,,,0.1,0.1,0.1,0.1,0.1,0.1,0.06,0.06,0.06,0.06,0.06,0.06,0.1,0.1,0.1,0.1,0.1,0.1,0.1,0.1,0.1,0.1
Romania,EUROPE,0.1,,,,,,,,,,0.06,0.06,0.06,0.1,0.1,0.1,0.1,0.1,0.1,0.1,0.1,0.1,0.1,0.1,0.1,0.1,0.1,0.1,0.1,0.1,0.1,0.1
Poland,EUROPE,0.1,,,,,,,,,,0.06,0.06,0.06,0.1,0.1,0.1,0.1,0.1,0.1,0.1,0.1,0.1,0.1,0.1,0.1,0.1,0.1,0.1,0.1,0.1,0.1,0.1
Norway,EUROPE,0.1,,,,,0.014449506,,,,,0.06,0.06,0.1,0.1,0.1,0.1,0.1,0.1,0.1,0.1,0.1,0.1,0.1,0.1,0.1,0.1,0.1,0.1,0.1,0.1,0.1,0.1
Malta,EUROPE,0.1,,,,,,,,,,0.06,0.06,0.06,0.06,0.1,0.1,0.1,0.1,0.1,0.1,0.1,0.1,0.1,0.1,0.1,0.1,0.1,0.1,0.1,0.1,0.1,0.1
Germany,EUROPE,0.1,,,,0.022875822999999997,,,,,,0.1,0.1,0.1,0.1,0.1,0.1,0.1,0.1,0.1,0.1,0.1,0.1,0.1,0.1,0.1,0.1,0.1,0.1,0.1,0.1,0.1,0.1
Finland,EUROPE,0.1,,,,,0.010557622,,,,,0.06,0.06,0.06,0.06,0.06,0.06,0.06,0.06,0.06,0.06,0.1,0.1,0.1,0.1,0.1,0.1,0.1,0.1,0.1,0.1,0.1,0.1
Bulgaria,EUROPE,0.092,,,,,,,,,,0.06,0.06,0.06,0.06,0.06,0.06,0.06,0.06,0.06,0.06,0.06,0.06,0.06,0.06,0.1,0.1,0.1,0.1,0.1,0.1,0.1,0.1
Lithuania,EUROPE,0.08,,,,,,,,,,0.06,0.06,0.06,0.06,0.06,0.06,0.06,0.06,0.06,0.06,0.06,0.06,0.06,0.06,0.06,0.06,0.06,0.1,0.1,0.1,0.1,0.1
Hungary,EUROPE,0.072,,,,,,,,,,0.1,0.1,0.1,0.1,0.1,0.1,0.1,0.1,0.06,0.06,0.06,0.06,0.06,0.06,0.06,0.06,0.06,0.06,0.06,0.1,0.1,0.1
Slovenia,EUROPE,0.068,,,,,,,,,,0.06,0.06,0.06,0.06,0.06,0.06,0.06,0.06,0.06,0.06,0.06,0.06,0.06,0.06,0.06,0.06,0.06,0.06,0.06,0.06,0.1,0.1
Slovak Republic,EUROPE,0.06,,,,,,,,,,0.06,0.06,0.06,0.06,0.06,0.06,0.06,0.06,0.06,0.06,0.06,0.06,0.06,0.06,0.06,0.06,0.06,0.06,0.06,0.06,0.06,0.06
Czech Republic,EUROPE,0.06,,,,,,,,,,0.06,0.06,0.06,0.06,0.06,0.06,0.06,0.06,0.06,0.06,0.06,0.06,0.06,0.06,0.06,0.06,0.06,0.06,0.06,0.06,0.06,0.06
Croatia,EUROPE,0.06,,,,,,,,,,0.06,0.06,0.06,0.06,0.06,0.06,0.06,0.06,0.06,0.06,0.06,0.06,0.06,0.06,0.06,0.06,0.06,0.06,0.06,0.06,0.06,0.06
Bahamas,NORTH AMERICA,2.97,0.01,,,,,,,,,3.6,3.8,3.9,3.9,3.8,3.7,3.6,3.5,3.3,3.2,3.2,3.1,3.0,3.0,3.0,3.0,3.0,3.1,3.1,2.9,2.8,2.8
Belize,NORTH AMERICA,2.38,,,,,,,,,,0.5,0.7,1.0,1.2,1.4,1.5,1.6,1.8,1.9,2.0,2.2,2.2,2.3,2.4,2.4,2.4,2.4,2.4,2.4,2.4,2.4,2.3
Haiti,NORTH AMERICA,2.08,0.155026457,,,,,,,,,1.3,1.6,2.3,3.3,3.6,3.6,3.4,3.3,3.1,2.9,2.8,2.6,2.5,2.3,2.2,2.1,2.1,2.0,2.0,1.9,1.9,1.8
Jamaica,NORTH AMERICA,1.78,0.014488866999999999,,,,,,,,,2.1,2.2,2.2,2.2,2.2,2.2,2.1,2.1,2.0,2.0,1.9,1.9,1.9,1.8,1.8,1.8,1.7,1.7,1.7,1.8,1.8,1.8
Trinidad and Tobago,NORTH AMERICA,1.39,,,,0.010653031,,,,,,0.2,0.3,0.4,0.5,0.6,0.8,0.9,1.0,1.1,1.1,1.2,1.2,1.2,1.3,1.3,1.3,1.4,1.4,1.5,1.5,1.5,1.5
Panama,NORTH AMERICA,0.99,0.046410768,,,,,,,,,0.2,0.3,0.3,0.4,1.1,1.6,1.6,1.6,1.6,1.5,1.4,1.4,1.3,1.2,1.1,1.1,1.0,0.9,0.9,0.8,0.8,0.8
Honduras,NORTH AMERICA,0.9429,0.01,,,,,,,,,1.1,1.2,1.4,1.4,1.5,1.5,1.5,1.4,1.4,1.3,1.3,1.2,1.1,1.1,1.0,0.9,0.9,0.8,0.8,,,
Barbados,NORTH AMERICA,0.93,0.02767648,,,,,,,,,0.06,0.06,0.1,0.1,0.1,0.1,0.2,0.2,0.3,0.4,0.4,0.5,0.6,0.7,0.8,0.9,1.1,1.2,1.3,0.9,0.9,0.9
Dominican Republic,NORTH AMERICA,0.84,0.056691280999999996,,,,,,,,,0.4,0.5,0.6,0.7,0.8,0.9,0.9,1.0,1.0,1.0,1.0,0.9,0.9,0.9,0.9,0.9,0.9,0.8,0.9,0.8,0.7,0.7
El Salvador,NORTH AMERICA,0.74,,,,,,,0.012269586,,,0.1,0.2,0.2,0.2,0.3,0.4,0.4,0.5,0.6,0.7,0.7,0.8,0.8,0.8,0.8,0.8,0.8,0.8,0.8,0.6,0.6,0.6
Guatemala,NORTH AMERICA,0.68,,,,,,,,,,0.1,0.1,0.1,0.2,0.2,0.2,0.3,0.3,0.4,0.4,0.5,0.5,0.5,0.6,0.6,0.7,0.7,0.7,0.8,0.7,0.7,0.8
United States,NORTH AMERICA,0.57,0.031764078,,,,,,,,,0.5,0.5,0.5,0.5,0.5,0.5,0.5,0.5,0.5,0.5,0.5,0.5,0.5,0.5,0.5,0.6,0.6,0.6,0.6,0.6,0.6,0.6
Costa Rica,NORTH AMERICA,0.28,,,,,,,,,,0.06,0.06,0.06,0.06,0.06,0.06,0.06,0.1,0.1,0.1,0.1,0.2,0.2,0.2,0.3,0.3,0.3,0.3,0.3,0.3,0.3,0.3
Mexico,NORTH AMERICA,0.27,0.03122474,,,,,,,,,0.4,0.4,0.4,0.4,0.3,0.3,0.3,0.3,0.3,0.3,0.3,0.3,0.3,0.3,0.3,0.3,0.3,0.3,0.3,0.2,0.2,0.2
Canada,NORTH AMERICA,0.23,0.012998487,,,,,,,,,0.1,0.2,0.2,0.2,0.2,0.2,0.2,0.2,0.2,0.2,0.2,0.2,0.2,0.2,0.2,0.2,0.2,0.2,0.2,0.3,0.3,0.3
Nicaragua,NORTH AMERICA,0.18,,,,,,,,0.00951034,,0.06,0.06,0.06,0.1,0.1,0.1,0.1,0.1,0.1,0.1,0.1,0.1,0.1,0.1,0.2,0.2,0.2,0.2,0.2,0.2,0.2,0.2
Cuba,NORTH AMERICA,0.112,,,,,,,,,,0.06,0.06,0.06,0.06,0.06,0.06,0.06,0.06,0.06,0.06,0.06,0.06,0.06,0.06,0.1,0.1,0.1,0.1,0.1,0.1,0.2,0.2
Guyana,SOUTH AMERICA,1.16,0.030135016,,,,,,,,,2.8,2.7,2.6,2.5,2.3,2.2,2.1,1.9,1.8,1.6,1.5,1.4,1.3,1.3,1.2,1.1,1.1,1.0,1.2,1.2,1.1,1.1
Suriname,SOUTH AMERICA,1.04,,0.011931256000000001,,,,,,,,0.1,0.2,0.2,0.4,0.6,0.7,0.9,0.9,1.0,1.0,1.0,1.0,1.0,1.0,1.0,1.1,1.0,1.0,1.0,1.2,1.1,1.0
Colombia,SOUTH AMERICA,0.62,,,,,,0.012153094,,,,0.2,0.3,0.4,0.5,0.6,0.6,0.7,0.8,0.8,0.9,0.9,0.8,0.8,0.8,0.7,0.7,0.6,0.6,0.5,0.5,0.5,0.5
Uruguay,SOUTH AMERICA,0.52,0.009697302,,,,,,,,,0.1,0.1,0.1,0.1,0.1,0.2,0.2,0.2,0.2,0.3,0.3,0.4,0.4,0.5,0.5,0.5,0.5,0.5,0.5,0.6,0.6,0.6
Venezuela,SOUTH AMERICA,0.5,,,,,,,,,,,,,,,,,,,,,,,,,,,,,0.5,0.5,0.5
Peru,SOUTH AMERICA,0.43,0.010679312,,,,,,,,,0.4,0.4,0.5,0.5,0.5,0.5,0.5,0.5,0.5,0.5,0.5,0.5,0.5,0.5,0.5,0.4,0.4,0.4,0.4,0.4,0.4,0.4
Ecuador,SOUTH AMERICA,0.42,0.013690696,,,,,,,,,0.3,0.4,0.4,0.5,0.5,0.5,0.5,0.5,0.5,0.5,0.5,0.5,0.5,0.5,0.4,0.4,0.4,0.4,0.4,0.4,0.4,0.4
Argentina,SOUTH AMERICA,0.41,0.02050798,,,,,,,,,0.3,0.3,0.3,0.3,0.3,0.3,0.3,0.3,0.3,0.3,0.4,0.4,0.4,0.4,0.4,0.4,0.4,0.4,0.5,0.4,0.4,0.4
Chile,SOUTH AMERICA,0.39,,,,,,,0.009688619,,,0.06,0.06,0.1,0.1,0.1,0.1,0.1,0.1,0.2,0.2,0.2,0.3,0.3,0.3,0.3,0.3,0.4,0.4,0.4,0.5,0.5,0.5
Brazil,SOUTH AMERICA,0.375,0.09447913,,,,,,,,,0.45,0.45,0.45,0.4,0.4,0.4,0.4,0.4,0.4,0.4,0.4,0.4,0.4,0.4,0.4,0.4,0.4,0.4,0.45,0.3,0.3,0.3
Paraguay,SOUTH AMERICA,0.3,,,,,0.00974306,,,,,0.06,0.1,0.2,0.2,0.2,0.2,0.2,0.2,0.3,0.3,0.3,0.3,0.3,0.3,0.3,0.3,0.3,0.3,0.3,0.3,0.3,0.3
Bolivia,SOUTH AMERICA,0.23,,,,,,,,,,0.1,0.1,0.2,0.2,0.2,0.2,0.2,0.2,0.2,0.2,0.2,0.2,0.2,0.2,0.2,0.2,0.2,0.2,0.2,0.3,0.3,0.3
